-- phpMyAdmin SQL Dump
-- version 3.3.8
-- http://www.phpmyadmin.net
--
-- 主机: localhost:8809
-- 生成日期: 2013 年 12 月 03 日 13:03
-- 服务器版本: 5.5.20
-- PHP 版本: 5.2.17

SET SQL_MODE="NO_AUTO_VALUE_ON_ZERO";


/*!40101 SET @OLD_CHARACTER_SET_CLIENT=@@CHARACTER_SET_CLIENT */;
/*!40101 SET @OLD_CHARACTER_SET_RESULTS=@@CHARACTER_SET_RESULTS */;
/*!40101 SET @OLD_COLLATION_CONNECTION=@@COLLATION_CONNECTION */;
/*!40101 SET NAMES utf8 */;

--
-- 数据库: `zuixiami`
--

-- --------------------------------------------------------

--
-- 表的结构 `xiami_access`
--

CREATE TABLE IF NOT EXISTS `xiami_access` (
  `role_id` smallint(6) unsigned NOT NULL COMMENT '角色分组ID对应role表',
  `node_id` smallint(6) unsigned NOT NULL COMMENT '节点ID对应node表',
  `level` tinyint(1) NOT NULL COMMENT '级别',
  `pid` smallint(6) NOT NULL COMMENT '上级ID',
  `module` varchar(50) NOT NULL,
  KEY `groupId` (`role_id`),
  KEY `nodeId` (`node_id`)
) ENGINE=MyISAM DEFAULT CHARSET=utf8 COMMENT='后台权限';

--
-- 转存表中的数据 `xiami_access`
--

INSERT INTO `xiami_access` (`role_id`, `node_id`, `level`, `pid`, `module`) VALUES
(7, 153, 3, 87, ''),
(7, 152, 3, 87, ''),
(7, 151, 3, 87, ''),
(7, 150, 3, 87, ''),
(7, 149, 3, 87, ''),
(7, 148, 3, 87, ''),
(7, 147, 3, 87, ''),
(7, 146, 3, 87, ''),
(7, 87, 2, 1, ''),
(7, 85, 2, 1, ''),
(7, 50, 3, 40, ''),
(7, 1, 1, 0, ''),
(7, 30, 2, 1, ''),
(7, 40, 2, 1, ''),
(9, 1, 1, 0, ''),
(1, 277, 3, 6, ''),
(1, 276, 3, 218, ''),
(1, 275, 3, 218, ''),
(1, 274, 3, 218, ''),
(1, 273, 3, 218, ''),
(1, 272, 3, 218, ''),
(1, 271, 3, 218, ''),
(1, 270, 3, 218, ''),
(1, 269, 3, 218, ''),
(1, 268, 3, 219, ''),
(1, 267, 3, 219, ''),
(1, 266, 3, 219, ''),
(1, 265, 3, 219, ''),
(1, 264, 3, 219, ''),
(1, 263, 3, 219, ''),
(1, 262, 3, 219, ''),
(1, 261, 3, 219, ''),
(1, 260, 3, 220, ''),
(1, 259, 3, 220, ''),
(1, 258, 3, 220, ''),
(1, 257, 3, 220, ''),
(1, 256, 3, 220, ''),
(1, 255, 3, 220, ''),
(1, 254, 3, 220, ''),
(1, 253, 3, 220, ''),
(1, 252, 3, 221, ''),
(1, 251, 3, 221, ''),
(1, 250, 3, 221, ''),
(1, 249, 3, 221, ''),
(1, 248, 3, 221, ''),
(1, 247, 3, 221, ''),
(1, 246, 3, 221, ''),
(1, 245, 3, 221, ''),
(1, 244, 3, 222, ''),
(1, 243, 3, 222, ''),
(1, 242, 3, 222, ''),
(1, 241, 3, 222, ''),
(1, 240, 3, 222, ''),
(1, 239, 3, 222, ''),
(1, 238, 3, 222, ''),
(1, 237, 3, 222, ''),
(1, 236, 3, 223, ''),
(1, 235, 3, 223, ''),
(1, 234, 3, 223, ''),
(1, 233, 3, 223, ''),
(1, 232, 3, 223, ''),
(1, 231, 3, 223, ''),
(1, 230, 3, 223, ''),
(1, 229, 3, 223, ''),
(1, 228, 3, 86, ''),
(1, 227, 3, 86, ''),
(1, 226, 3, 86, ''),
(1, 225, 3, 86, ''),
(1, 224, 3, 87, ''),
(1, 223, 2, 1, ''),
(1, 222, 2, 1, ''),
(1, 221, 2, 1, ''),
(1, 220, 2, 1, ''),
(1, 219, 2, 1, ''),
(1, 218, 2, 1, ''),
(1, 217, 3, 209, ''),
(1, 216, 3, 209, ''),
(1, 215, 3, 209, ''),
(1, 214, 3, 209, ''),
(1, 213, 3, 209, ''),
(1, 212, 3, 209, ''),
(1, 211, 3, 209, ''),
(1, 210, 3, 209, ''),
(1, 209, 2, 1, ''),
(1, 208, 3, 90, ''),
(1, 207, 3, 88, ''),
(1, 206, 3, 7, ''),
(1, 205, 3, 7, ''),
(1, 204, 3, 30, ''),
(1, 203, 3, 30, ''),
(1, 202, 3, 30, ''),
(1, 193, 3, 6, ''),
(1, 192, 3, 6, ''),
(1, 191, 3, 6, ''),
(1, 190, 3, 6, ''),
(1, 189, 3, 6, ''),
(1, 188, 3, 6, ''),
(1, 187, 3, 6, ''),
(1, 186, 3, 6, ''),
(1, 185, 3, 7, ''),
(1, 184, 3, 7, ''),
(1, 183, 3, 7, ''),
(1, 182, 3, 7, ''),
(1, 181, 3, 7, ''),
(1, 180, 3, 7, ''),
(1, 179, 3, 7, ''),
(1, 178, 3, 7, ''),
(1, 169, 3, 85, ''),
(1, 168, 3, 85, ''),
(1, 167, 3, 85, ''),
(1, 166, 3, 85, ''),
(1, 165, 3, 85, ''),
(1, 164, 3, 85, ''),
(1, 163, 3, 85, ''),
(1, 162, 3, 85, ''),
(1, 161, 3, 86, ''),
(1, 160, 3, 86, ''),
(7, 162, 3, 85, ''),
(7, 163, 3, 85, ''),
(7, 164, 3, 85, ''),
(7, 165, 3, 85, ''),
(7, 166, 3, 85, ''),
(7, 167, 3, 85, ''),
(7, 168, 3, 85, ''),
(7, 169, 3, 85, ''),
(7, 202, 3, 30, ''),
(7, 203, 3, 30, ''),
(7, 204, 3, 30, ''),
(1, 159, 3, 86, ''),
(1, 158, 3, 86, ''),
(1, 157, 3, 86, ''),
(1, 156, 3, 86, ''),
(1, 155, 3, 86, ''),
(1, 154, 3, 86, ''),
(1, 153, 3, 87, ''),
(1, 152, 3, 87, ''),
(1, 151, 3, 87, ''),
(1, 150, 3, 87, ''),
(1, 149, 3, 87, ''),
(1, 148, 3, 87, ''),
(1, 147, 3, 87, ''),
(1, 146, 3, 87, ''),
(1, 145, 3, 88, ''),
(1, 144, 3, 88, ''),
(1, 143, 3, 88, ''),
(1, 142, 3, 88, ''),
(1, 141, 3, 88, ''),
(1, 140, 3, 88, ''),
(1, 139, 3, 88, ''),
(1, 138, 3, 88, ''),
(1, 137, 3, 89, ''),
(1, 136, 3, 89, ''),
(1, 135, 3, 89, ''),
(1, 134, 3, 89, ''),
(1, 133, 3, 89, ''),
(1, 132, 3, 89, ''),
(1, 131, 3, 89, ''),
(1, 130, 3, 89, ''),
(1, 129, 3, 90, ''),
(1, 128, 3, 90, ''),
(1, 127, 3, 90, ''),
(1, 126, 3, 90, ''),
(1, 125, 3, 90, ''),
(1, 124, 3, 90, ''),
(1, 123, 3, 90, ''),
(1, 122, 3, 96, ''),
(1, 121, 3, 96, ''),
(1, 120, 3, 96, ''),
(1, 119, 3, 96, ''),
(1, 118, 3, 96, ''),
(1, 117, 3, 96, ''),
(1, 116, 3, 96, ''),
(1, 115, 3, 96, ''),
(1, 114, 3, 97, ''),
(1, 113, 3, 97, ''),
(1, 112, 3, 97, ''),
(1, 111, 3, 97, ''),
(1, 110, 3, 97, ''),
(1, 109, 3, 97, ''),
(1, 108, 3, 97, ''),
(1, 107, 3, 97, ''),
(1, 106, 3, 98, ''),
(1, 98, 2, 1, ''),
(1, 97, 2, 1, ''),
(1, 96, 2, 1, ''),
(1, 95, 3, 90, ''),
(1, 94, 3, 91, ''),
(1, 93, 3, 6, ''),
(1, 92, 3, 6, ''),
(1, 91, 2, 1, ''),
(1, 90, 2, 1, ''),
(1, 89, 2, 1, ''),
(1, 88, 2, 1, ''),
(1, 87, 2, 1, ''),
(1, 86, 2, 1, ''),
(1, 85, 2, 1, ''),
(1, 50, 3, 40, ''),
(1, 1, 1, 0, ''),
(1, 6, 2, 1, ''),
(1, 7, 2, 1, ''),
(1, 30, 2, 1, ''),
(1, 100, 3, 98, ''),
(1, 101, 3, 98, ''),
(1, 102, 3, 98, ''),
(1, 103, 3, 98, ''),
(1, 104, 3, 98, ''),
(1, 99, 3, 98, ''),
(1, 40, 2, 1, ''),
(9, 204, 3, 30, ''),
(9, 203, 3, 30, ''),
(9, 202, 3, 30, ''),
(9, 169, 3, 85, ''),
(9, 168, 3, 85, ''),
(9, 167, 3, 85, ''),
(9, 166, 3, 85, ''),
(9, 165, 3, 85, ''),
(9, 164, 3, 85, ''),
(9, 163, 3, 85, ''),
(9, 162, 3, 85, ''),
(9, 85, 2, 1, ''),
(9, 50, 3, 40, ''),
(9, 40, 2, 1, ''),
(9, 30, 2, 1, ''),
(1, 105, 3, 98, ''),
(2, 277, 3, 6, ''),
(2, 204, 3, 30, ''),
(2, 203, 3, 30, ''),
(2, 202, 3, 30, ''),
(2, 201, 3, 2, ''),
(2, 200, 3, 2, ''),
(2, 199, 3, 2, ''),
(2, 198, 3, 2, ''),
(2, 197, 3, 2, ''),
(2, 196, 3, 2, ''),
(2, 195, 3, 2, ''),
(2, 194, 3, 2, ''),
(2, 193, 3, 6, ''),
(2, 192, 3, 6, ''),
(2, 191, 3, 6, ''),
(2, 190, 3, 6, ''),
(2, 189, 3, 6, ''),
(2, 188, 3, 6, ''),
(2, 187, 3, 6, ''),
(2, 186, 3, 6, ''),
(2, 177, 3, 84, ''),
(2, 176, 3, 84, ''),
(2, 175, 3, 84, ''),
(2, 174, 3, 84, ''),
(2, 173, 3, 84, ''),
(2, 172, 3, 84, ''),
(2, 171, 3, 84, ''),
(2, 170, 3, 84, ''),
(2, 93, 3, 6, ''),
(13, 277, 3, 6, ''),
(13, 206, 3, 7, ''),
(13, 205, 3, 7, ''),
(13, 204, 3, 30, ''),
(13, 203, 3, 30, ''),
(13, 202, 3, 30, ''),
(13, 201, 3, 2, ''),
(13, 200, 3, 2, ''),
(13, 199, 3, 2, ''),
(13, 196, 3, 2, ''),
(13, 195, 3, 2, ''),
(13, 194, 3, 2, ''),
(13, 193, 3, 6, ''),
(13, 192, 3, 6, ''),
(13, 191, 3, 6, ''),
(13, 190, 3, 6, ''),
(13, 189, 3, 6, ''),
(13, 188, 3, 6, ''),
(13, 187, 3, 6, ''),
(13, 186, 3, 6, ''),
(13, 185, 3, 7, ''),
(13, 184, 3, 7, ''),
(13, 183, 3, 7, ''),
(13, 182, 3, 7, ''),
(13, 181, 3, 7, ''),
(13, 180, 3, 7, ''),
(13, 179, 3, 7, ''),
(13, 178, 3, 7, ''),
(13, 177, 3, 84, ''),
(13, 176, 3, 84, ''),
(13, 175, 3, 84, ''),
(13, 172, 3, 84, ''),
(13, 171, 3, 84, ''),
(13, 170, 3, 84, ''),
(13, 93, 3, 6, ''),
(13, 92, 3, 6, ''),
(13, 284, 3, 283, ''),
(13, 283, 2, 1, ''),
(13, 84, 2, 1, ''),
(13, 50, 3, 40, ''),
(13, 1, 1, 0, ''),
(13, 2, 2, 1, ''),
(13, 6, 2, 1, ''),
(13, 7, 2, 1, ''),
(13, 30, 2, 1, ''),
(13, 40, 2, 1, ''),
(2, 92, 3, 6, ''),
(2, 284, 3, 283, ''),
(2, 283, 2, 1, ''),
(2, 84, 2, 1, ''),
(2, 50, 3, 40, ''),
(2, 1, 1, 0, ''),
(2, 2, 2, 1, ''),
(2, 6, 2, 1, ''),
(2, 7, 2, 1, ''),
(2, 30, 2, 1, ''),
(2, 40, 2, 1, '');

-- --------------------------------------------------------

--
-- 表的结构 `xiami_admin`
--

CREATE TABLE IF NOT EXISTS `xiami_admin` (
  `id` smallint(5) unsigned NOT NULL AUTO_INCREMENT COMMENT '自增ID',
  `account` varchar(64) NOT NULL COMMENT '用户名',
  `nickname` varchar(50) NOT NULL COMMENT '姓名',
  `password` char(32) NOT NULL COMMENT '密码',
  `bind_account` varchar(50) NOT NULL,
  `last_login_time` int(11) unsigned NOT NULL DEFAULT '0' COMMENT '最后登录时间',
  `last_login_ip` varchar(40) NOT NULL COMMENT '最后登录IP',
  `login_count` mediumint(8) unsigned NOT NULL DEFAULT '0' COMMENT '登录次数',
  `verify` varchar(32) NOT NULL,
  `email` varchar(50) NOT NULL COMMENT 'email',
  `remark` varchar(255) NOT NULL COMMENT '备注',
  `create_time` int(11) unsigned NOT NULL COMMENT '添加时间',
  `update_time` int(11) unsigned NOT NULL COMMENT '更新时间',
  `status` tinyint(1) NOT NULL DEFAULT '0' COMMENT '状态',
  `type_id` tinyint(2) unsigned NOT NULL DEFAULT '0',
  `info` text NOT NULL,
  `customerid` int(11) NOT NULL DEFAULT '0',
  PRIMARY KEY (`id`),
  UNIQUE KEY `account` (`account`)
) ENGINE=MyISAM  DEFAULT CHARSET=utf8 COMMENT='后台管理员' AUTO_INCREMENT=50 ;

--
-- 转存表中的数据 `xiami_admin`
--

INSERT INTO `xiami_admin` (`id`, `account`, `nickname`, `password`, `bind_account`, `last_login_time`, `last_login_ip`, `login_count`, `verify`, `email`, `remark`, `create_time`, `update_time`, `status`, `type_id`, `info`, `customerid`) VALUES
(1, 'wewe', 'wewe', '282bc0038053b732baeb5ab302b6f63b', '', 1385636375, '175.43.62.74', 1198, '8888', 'wewe@wewe.com', '备注信息', 1222907803, 1347351648, 1, 0, '', 0),
(2, 'zmyfujian', 'zmyfujian', 'e10adc3949ba59abbe56e057f20f883e', '', 1385966214, '27.154.44.224', 1194, '8888', 'wewe@wewe.com', '备注信息', 1222907803, 1363330270, 1, 0, '', 0);

-- --------------------------------------------------------

--
-- 表的结构 `xiami_config`
--

CREATE TABLE IF NOT EXISTS `xiami_config` (
  `id` smallint(5) unsigned NOT NULL AUTO_INCREMENT COMMENT '自增ID',
  `pid` smallint(5) unsigned NOT NULL DEFAULT '0' COMMENT '上级ID',
  `textname` varchar(100) NOT NULL COMMENT '名称',
  `code` varchar(100) NOT NULL COMMENT '代码',
  `type` varchar(10) NOT NULL DEFAULT '' COMMENT '类型',
  `store_range` varchar(255) NOT NULL DEFAULT '' COMMENT '存储值',
  `store_dir` varchar(255) NOT NULL DEFAULT '' COMMENT '存储目录',
  `value` text NOT NULL COMMENT '值',
  `range_desc` varchar(255) NOT NULL COMMENT '存储值说明',
  `cfg_desc` varchar(255) NOT NULL COMMENT '描述',
  `sid` tinyint(3) unsigned NOT NULL DEFAULT '1' COMMENT '排序',
  PRIMARY KEY (`id`),
  UNIQUE KEY `code` (`code`),
  KEY `parent_id` (`pid`)
) ENGINE=MyISAM  DEFAULT CHARSET=utf8 COMMENT='后台系统配置表' AUTO_INCREMENT=211 ;

--
-- 转存表中的数据 `xiami_config`
--

INSERT INTO `xiami_config` (`id`, `pid`, `textname`, `code`, `type`, `store_range`, `store_dir`, `value`, `range_desc`, `cfg_desc`, `sid`) VALUES
(1, 0, '网站信息', 'cfg_web_info', 'group', '', '', '', '', '', 1),
(2, 0, '基本设置', 'cfg_basic', 'group', '', '', '', '', '', 2),
(5, 0, '邮件设置', 'cfg_mail', 'group', '', '', '', '', '', 5),
(4, 0, '水印设置', 'cfg_water', 'group', '', '', '', '', '', 4),
(101, 1, '网站名称', 'cfg_webname', 'text', '', '', '最虾米', '', '不超过60个字符,中文占用2字符 ', 5),
(102, 1, '网站地址', 'cfg_weburl', 'text', '', '', 'http://zp.zuixiami.com/', '', '', 6),
(103, 1, '网站备案号', 'cfg_icp', 'text', '', '', '网站备案号:', '', '', 7),
(104, 1, '加密字符', 'cfg_crypt', 'text', '', '', 'weweaicomweb', '', '', 8),
(106, 5, '开启邮件发送', 'cfg_sendmail', 'select', '1,0', '', '0', '开启,关闭', '', 1),
(107, 5, '邮件发送方式', 'cfg_mail_mailsend', 'select', 'mail,smtp,sendmail', '', 'mail', '通过 PHP 函数的 sendmail 发送(推荐此方式)<br>,通过 SOCKET 连接 SMTP 服务器发送(支持 ESMTP 验证)<br>,通过 PHP 函数 SMTP 发送 Email(仅 Windows 主机下有效 不支持 ESMTP 验证)<br>', '', 2),
(108, 5, 'SMTP 服务器', 'cfg_mail_server', 'text', '', '', 'sv52.wadax.ne.jp', '', '', 3),
(109, 5, 'SMTP 端口', 'cfg_mail_port', 'text', '', '', '25', '', '', 4),
(110, 5, 'SMTP 身份验证', 'cfg_mail_auth', 'select', '1,0', '', '0', '是,否', '', 5),
(111, 5, '发信人邮件地址', 'cfg_mail_from', 'text', '', '', 'wei5634@126.com', '', '', 9),
(112, 5, 'SMTP 身份验证用户名', 'cfg_mail_auth_username', 'text', '', '', 'wewe', '', '', 6),
(113, 5, 'SMTP 身份验证密码', 'cfg_mail_auth_password', 'password', '', '', 'wei1024', '', '', 7),
(114, 5, '邮件头的分隔符', 'cfg_mail_maildelimiter', 'select', '1,2,3', '', '1', '使用 CRLF 作为分隔符(通常为 Windows 主机)<br>,使用 LF 作为分隔符(通常为 Unix/Linux 主机)<br>,使用 CR 作为分隔符(通常为 Mac 主机)<br>', '', 18),
(116, 5, '发送方式', 'cfg_mail_sendmail_mime', 'text', '', '', 'html', '', '默认text,常用html', 20),
(117, 5, '邮件编码', 'cfg_mail_charset', 'text', '', '', 'UTF-8', '', 'UTF-8,GB2312 ', 21),
(118, 5, '邮件标题前缀', 'cfg_mail_bbname', 'text', '', '', '最蝦米*鬼懿IT**', '', '', 10),
(119, 5, '发件人姓名', 'cfg_mail_from_name', 'text', '', '', '最蝦米', '', '', 8),
(122, 1, '网站是否关闭', 'cfg_web_close', 'select', '1,0', '', '0', '是,否', '', 24),
(123, 1, '网站关闭原因', 'cfg_web_close_notice', 'textarea', '', '', '网站关闭原因', '', '', 25),
(100, 1, '前台模板地址', 'cfg_tplname', 'text', '', '', 'default', '', '', 27),
(99, 1, '后台模板地址', 'cfg_backend_tplname', 'text', '', '', 'admin', '', '', 27),
(181, 5, '服务接收邮箱', 'cfg_mail_service_address', 'text', '', '', 'wei5634@126.com', '', '', 28),
(182, 1, '后台目录', 'cfg_backend_access_point', 'text', '', '', 'wewe', '', '', 1),
(183, 1, '前台特别说明', 'cfg_notice_info', 'textarea', '', '', '鬼群高级群QQ群号：19046753（聚合前端业界人才，建立良好技术讨论氛围）<br/>\r\n      鬼群成长群QQ群号：181368696 （通过成长群筛选进入高级群，提交作品或者blog）', '', '', 29),
(184, 1, '统计代码', 'cfg_tongji', 'textarea', '', '', '<script type="text/javascript">\r\nvar _bdhmProtocol = (("https:" == document.location.protocol) ? " https://" : " http://");\r\ndocument.write(unescape("%3Cscript src=''" + _bdhmProtocol + "hm.baidu.com/h.js%3Fd82d94085def6e342e036d021e453a4f'' type=''text/javascript''%3E%3C/script%3E"));\r\n</script>', '', '统计代码', 30),
(185, 2, '首页作品显示数', 'cfg_index_works_num', 'text', '', '', '27', '', '', 31),
(186, 2, '首页作品排序', 'cfg_index_works_order', 'text', '', '', 'works.is_top DESC,works.top_sid DESC,works.id DESC', '', '<br>排序sql<br>\r\nw.is_top 是否推荐 1,0<br>\r\nw.top_sid 推荐排序<br>\r\nw.id  ID排序<br>\r\n默认w.is_top DESC,w.top_sid DESC,w.id DESC<br>\r\n推荐 倒序，推荐排序倒序，ID 倒序', 32),
(3, 0, '文件管理', 'cfg_file', 'group', '', '', '', '', '', 3),
(194, 3, '文件上传php地址', 'cfg_file_uploadurl', 'text', '', '', 'upload.php', '', '', 32),
(195, 3, '文件上传图片格式', 'cfg_file_upimg_ext', 'text', '', '', 'jpg,jpeg,gif,png', '', '逗号分开', 32),
(196, 3, '文件上传Flash格式', 'cfg_file_upflash_ext', 'text', '', '', 'swf', '', '逗号分开', 32),
(197, 3, '文件上传视频格式', 'cfg_file_upmedia_ext', 'text', '', '', 'avi', '', '逗号分开', 32),
(198, 3, '文件上传其他格式', 'cfg_file_uplink_ext', 'text', '', '', 'zip,rar,txt', '', '逗号分开', 32),
(199, 3, '最大文件大小', 'cfg_file_maxsize', 'text', '', '', '900', '', '单位K,-1不限制', 32),
(200, 3, '文件保存目录', 'cfg_file_save_path', 'text', '', '', 'Uploads', '', '最后不加/', 32),
(201, 3, '图片是否生成缩略图', 'cfg_file_is_thumb', 'select', '1,0', '', '1', '是,否', '', 32),
(202, 3, '缩略图文件前辍', 'cfg_file_thumb_prefix', 'text', '', '', 'm_,s_', '', '生成多个缩略图,请用,分开', 32),
(203, 3, '缩略图最大宽度', 'cfg_file_thumb_max_width', 'text', '', '', '400,100', '', '生成多个缩略图,请用,分开', 32),
(204, 3, '缩略图最大高度', 'cfg_file_thumb_max_height', 'text', '', '', '400,100', '', '生成多个缩略图,请用,分开', 32),
(205, 3, '是否删除原图', 'cfg_file_thumb_remove_origin', 'select', '1,0', '', '0', '是,否', '', 32),
(206, 4, '水印图片地址', 'cfg_water_image_url', 'text', '', '', 'Public/Images/logo.png', '', '', 32),
(207, 4, '水印透明度alpha', 'cfg_water_image_alpha', 'text', '', '', '80', '', '默认为80，范围为0~100', 32),
(208, 4, '是否开启水印', 'cfg_water_open', 'select', '1,0', '', '0', '开启,关闭', '', 30),
(210, 3, '文件缩略图保存目录', 'cfg_file_thumb_save_path', 'text', '', '', 'thumb', '', '在文件保存目录下面,请自行建立', 32);

-- --------------------------------------------------------

--
-- 表的结构 `xiami_group`
--

CREATE TABLE IF NOT EXISTS `xiami_group` (
  `id` smallint(3) unsigned NOT NULL AUTO_INCREMENT,
  `name` varchar(25) NOT NULL COMMENT '分组标示',
  `title` varchar(50) NOT NULL COMMENT '分组名',
  `create_time` int(11) unsigned NOT NULL COMMENT '添加时间',
  `update_time` int(11) unsigned NOT NULL DEFAULT '0' COMMENT '修改时间',
  `status` tinyint(1) unsigned NOT NULL DEFAULT '0' COMMENT '状态',
  `sort` smallint(3) unsigned NOT NULL DEFAULT '0' COMMENT '排序',
  `show` tinyint(1) unsigned NOT NULL DEFAULT '0' COMMENT '是否显示',
  PRIMARY KEY (`id`)
) ENGINE=MyISAM  DEFAULT CHARSET=utf8 COMMENT='后台菜单分组' AUTO_INCREMENT=15 ;

--
-- 转存表中的数据 `xiami_group`
--

INSERT INTO `xiami_group` (`id`, `name`, `title`, `create_time`, `update_time`, `status`, `sort`, `show`) VALUES
(2, 'System', '系统管理', 1222841259, 0, 1, 5, 1),
(14, 'Website', '功能', 1361863955, 0, 1, 0, 1);

-- --------------------------------------------------------

--
-- 表的结构 `xiami_message`
--

CREATE TABLE IF NOT EXISTS `xiami_message` (
  `id` int(11) NOT NULL AUTO_INCREMENT,
  `mtype` varchar(100) NOT NULL,
  `lang` varchar(50) NOT NULL,
  `title` varchar(100) NOT NULL,
  `content` text NOT NULL,
  `reply` text NOT NULL,
  `name` varchar(50) NOT NULL,
  `dianhua` varchar(50) NOT NULL,
  `email` varchar(100) NOT NULL,
  `qq` varchar(50) NOT NULL,
  `ip` varchar(20) NOT NULL,
  `addtime` int(11) NOT NULL DEFAULT '0',
  `checkuser` varchar(50) NOT NULL,
  `checktime` int(10) NOT NULL DEFAULT '0',
  `is_check` int(2) NOT NULL DEFAULT '0',
  PRIMARY KEY (`id`)
) ENGINE=MyISAM  DEFAULT CHARSET=utf8 AUTO_INCREMENT=8 ;

--
-- 转存表中的数据 `xiami_message`
--

INSERT INTO `xiami_message` (`id`, `mtype`, `lang`, `title`, `content`, `reply`, `name`, `dianhua`, `email`, `qq`, `ip`, `addtime`, `checkuser`, `checktime`, `is_check`) VALUES
(6, '', '', '', 'fds', '', '', '', '', 'fds', '113.247.242.59', 1368461669, '', 0, 0),
(7, '', '', '', 'This site is like a claosrsom, except I don''t hate it. lol', '', '', '', '', 'hrp0appzIKh', '94.23.238.222', 1377887321, '', 0, 0);

-- --------------------------------------------------------

--
-- 表的结构 `xiami_node`
--

CREATE TABLE IF NOT EXISTS `xiami_node` (
  `id` smallint(6) unsigned NOT NULL AUTO_INCREMENT COMMENT '自增ID',
  `name` varchar(20) NOT NULL COMMENT '标识',
  `title` varchar(50) NOT NULL COMMENT '菜单名',
  `status` tinyint(1) NOT NULL DEFAULT '0' COMMENT '状态',
  `remark` varchar(255) NOT NULL COMMENT '备注',
  `sort` smallint(6) unsigned NOT NULL COMMENT '排序',
  `pid` smallint(6) unsigned NOT NULL COMMENT '上级ID',
  `level` tinyint(1) unsigned NOT NULL COMMENT '级别',
  `type` tinyint(1) NOT NULL DEFAULT '0',
  `group_id` tinyint(3) unsigned NOT NULL DEFAULT '0' COMMENT '后台分组ID对应group表',
  PRIMARY KEY (`id`),
  KEY `level` (`level`),
  KEY `pid` (`pid`),
  KEY `status` (`status`),
  KEY `name` (`name`)
) ENGINE=MyISAM  DEFAULT CHARSET=utf8 COMMENT='节点管理' AUTO_INCREMENT=300 ;

--
-- 转存表中的数据 `xiami_node`
--

INSERT INTO `xiami_node` (`id`, `name`, `title`, `status`, `remark`, `sort`, `pid`, `level`, `type`, `group_id`) VALUES
(105, 'resume', '恢复', 1, '', 0, 98, 3, 0, 0),
(40, 'Index', '默认模块', 1, '', 1, 1, 2, 0, 0),
(99, 'index', '列表', 1, '', 0, 98, 3, 0, 0),
(104, 'forbid', '禁用', 1, '', 0, 98, 3, 0, 0),
(103, 'update', '更新', 1, '', 0, 98, 3, 0, 0),
(102, 'insert', '写入', 1, '', 0, 98, 3, 0, 0),
(101, 'edit', '编辑', 1, '', 0, 98, 3, 0, 0),
(100, 'add', '新增', 1, '', 0, 98, 3, 0, 0),
(30, 'Public', '公共模块', 1, '', 2, 1, 2, 0, 0),
(7, 'Admin', '管理员', 1, '', 0, 1, 2, 0, 2),
(6, 'Role', '角色管理', 1, '', 1, 1, 2, 0, 2),
(2, 'Node', '节点管理', 1, '', 2, 1, 2, 0, 2),
(1, 'Admin', '后台管理', 1, '', 0, 0, 1, 0, 0),
(50, 'index', '空白首页', 1, '', 0, 40, 3, 0, 0),
(84, 'Group', '后台菜单分组', 1, '', 3, 1, 2, 0, 2),
(283, 'Syslogs', '后台管理日志', 1, '', 4, 1, 2, 0, 2),
(284, 'index', '首页', 1, '', 0, 283, 3, 0, 0),
(92, 'access', '授权', 1, '', 0, 6, 3, 0, 0),
(93, 'user', '用户列表', 1, '', 0, 6, 3, 0, 0),
(94, 'index', '日志信息', 1, '', 0, 91, 3, 0, 0),
(95, 'index', '广告业务类型首页', 1, '', 0, 90, 3, 0, 0),
(106, 'foreverdelete', '删除', 1, '', 0, 98, 3, 0, 0),
(107, 'index', '列表', 1, '', 0, 97, 3, 0, 0),
(108, 'add', '新增', 1, '', 0, 97, 3, 0, 0),
(109, 'edit', '编辑', 1, '', 0, 97, 3, 0, 0),
(110, 'insert', '写入', 1, '', 0, 97, 3, 0, 0),
(111, 'update', '更新', 1, '', 0, 97, 3, 0, 0),
(112, 'forbid', '禁用', 1, '', 0, 97, 3, 0, 0),
(113, 'resume', '恢复', 1, '', 0, 97, 3, 0, 0),
(114, 'foreverdelete', '删除', 1, '', 0, 97, 3, 0, 0),
(115, 'index', '列表', 1, '', 0, 96, 3, 0, 0),
(116, 'add', '新增', 1, '', 0, 96, 3, 0, 0),
(117, 'edit', '编辑', 1, '', 0, 96, 3, 0, 0),
(118, 'insert', '写入', 1, '', 0, 96, 3, 0, 0),
(119, 'update', '更新', 1, '', 0, 96, 3, 0, 0),
(120, 'forbid', '禁用', 1, '', 0, 96, 3, 0, 0),
(121, 'resume', '恢复', 1, '', 0, 96, 3, 0, 0),
(122, 'foreverdelete', '删除', 1, '', 0, 96, 3, 0, 0),
(123, 'add', '新增', 1, '', 0, 90, 3, 0, 0),
(124, 'edit', '编辑', 1, '', 0, 90, 3, 0, 0),
(125, 'insert', '写入', 1, '', 0, 90, 3, 0, 0),
(126, 'update', '更新', 1, '', 0, 90, 3, 0, 0),
(127, 'forbid', '禁用', 1, '', 0, 90, 3, 0, 0),
(128, 'resume', '恢复', 1, '', 0, 90, 3, 0, 0),
(129, 'foreverdelete', '删除', 1, '', 0, 90, 3, 0, 0),
(130, 'index', '列表', 1, '', 0, 89, 3, 0, 0),
(131, 'add', '新增', 1, '', 0, 89, 3, 0, 0),
(132, 'edit', '编辑', 1, '', 0, 89, 3, 0, 0),
(133, 'insert', '写入', 1, '', 0, 89, 3, 0, 0),
(134, 'update', '更新', 1, '', 0, 89, 3, 0, 0),
(135, 'forbid', '禁用', 1, '', 0, 89, 3, 0, 0),
(136, 'resume', '恢复', 1, '', 0, 89, 3, 0, 0),
(137, 'foreverdelete', '删除', 1, '', 0, 89, 3, 0, 0),
(138, 'index', '列表', 1, '', 0, 88, 3, 0, 0),
(139, 'add', '新增', 1, '', 0, 88, 3, 0, 0),
(140, 'edit', '编辑', 1, '', 0, 88, 3, 0, 0),
(141, 'insert', '写入', 1, '', 0, 88, 3, 0, 0),
(142, 'update', '更新', 1, '', 0, 88, 3, 0, 0),
(143, 'forbid', '禁用', 1, '', 0, 88, 3, 0, 0),
(144, 'resume', '恢复', 1, '', 0, 88, 3, 0, 0),
(145, 'foreverdelete', '删除', 1, '', 0, 88, 3, 0, 0),
(146, 'index', '列表', 1, '', 0, 87, 3, 0, 0),
(147, 'add', '新增', 1, '', 0, 87, 3, 0, 0),
(148, 'edit', '编辑', 1, '', 0, 87, 3, 0, 0),
(149, 'insert', '写入', 1, '', 0, 87, 3, 0, 0),
(150, 'update', '更新', 1, '', 0, 87, 3, 0, 0),
(151, 'forbid', '禁用', 1, '', 0, 87, 3, 0, 0),
(152, 'resume', '恢复', 1, '', 0, 87, 3, 0, 0),
(153, 'foreverdelete', '删除', 1, '', 0, 87, 3, 0, 0),
(154, 'index', '列表', 1, '', 0, 86, 3, 0, 0),
(155, 'add', '新增', 1, '', 0, 86, 3, 0, 0),
(156, 'edit', '编辑', 1, '', 0, 86, 3, 0, 0),
(157, 'insert', '写入', 1, '', 0, 86, 3, 0, 0),
(158, 'update', '更新', 1, '', 0, 86, 3, 0, 0),
(159, 'forbid', '禁用', 1, '', 0, 86, 3, 0, 0),
(160, 'resume', '恢复', 1, '', 0, 86, 3, 0, 0),
(161, 'foreverdelete', '删除', 1, '', 0, 86, 3, 0, 0),
(162, 'index', '列表', 1, '', 0, 85, 3, 0, 0),
(163, 'add', '新增', 1, '', 0, 85, 3, 0, 0),
(164, 'edit', '编辑', 1, '', 0, 85, 3, 0, 0),
(165, 'insert', '写入', 1, '', 0, 85, 3, 0, 0),
(166, 'update', '更新', 1, '', 0, 85, 3, 0, 0),
(167, 'forbid', '禁用', 1, '', 0, 85, 3, 0, 0),
(168, 'resume', '恢复', 1, '', 0, 85, 3, 0, 0),
(169, 'foreverdelete', '删除', 1, '', 0, 85, 3, 0, 0),
(170, 'index', '列表', 1, '', 0, 84, 3, 0, 0),
(171, 'add', '新增', 1, '', 0, 84, 3, 0, 0),
(172, 'edit', '编辑', 1, '', 0, 84, 3, 0, 0),
(173, 'insert', '写入', 1, '', 0, 84, 3, 0, 0),
(174, 'update', '更新', 1, '', 0, 84, 3, 0, 0),
(175, 'forbid', '禁用', 1, '', 0, 84, 3, 0, 0),
(176, 'resume', '恢复', 1, '', 0, 84, 3, 0, 0),
(177, 'foreverdelete', '删除', 1, '', 0, 84, 3, 0, 0),
(178, 'index', '列表', 1, '', 0, 7, 3, 0, 0),
(179, 'add', '新增', 1, '', 0, 7, 3, 0, 0),
(180, 'edit', '编辑', 1, '', 0, 7, 3, 0, 0),
(181, 'insert', '写入', 1, '', 0, 7, 3, 0, 0),
(182, 'update', '更新', 1, '', 0, 7, 3, 0, 0),
(183, 'forbid', '禁用', 1, '', 0, 7, 3, 0, 0),
(184, 'resume', '恢复', 1, '', 0, 7, 3, 0, 0),
(185, 'foreverdelete', '删除', 1, '', 0, 7, 3, 0, 0),
(186, 'index', '列表', 1, '', 0, 6, 3, 0, 0),
(187, 'add', '新增', 1, '', 0, 6, 3, 0, 0),
(188, 'edit', '编辑', 1, '', 0, 6, 3, 0, 0),
(189, 'insert', '写入', 1, '', 0, 6, 3, 0, 0),
(190, 'update', '更新', 1, '', 0, 6, 3, 0, 0),
(191, 'forbid', '禁用', 1, '', 0, 6, 3, 0, 0),
(192, 'resume', '恢复', 1, '', 0, 6, 3, 0, 0),
(193, 'foreverdelete', '删除', 1, '', 0, 6, 3, 0, 0),
(194, 'index', '列表', 1, '', 0, 2, 3, 0, 0),
(195, 'add', '新增', 1, '', 0, 2, 3, 0, 0),
(196, 'edit', '编辑', 1, '', 0, 2, 3, 0, 0),
(197, 'insert', '写入', 1, '', 0, 2, 3, 0, 0),
(198, 'update', '更新', 1, '', 0, 2, 3, 0, 0),
(199, 'forbid', '禁用', 1, '', 0, 2, 3, 0, 0),
(200, 'resume', '恢复', 1, '', 0, 2, 3, 0, 0),
(201, 'foreverdelete', '删除', 1, '', 0, 2, 3, 0, 0),
(202, 'menu', '菜单', 1, '', 0, 30, 3, 0, 0),
(203, 'main', '系统信息', 1, '', 0, 30, 3, 0, 0),
(204, 'index', '首页', 1, '', 0, 30, 3, 0, 0),
(205, 'resetPwd', '保存修改密码', 1, '', 0, 7, 3, 0, 0),
(206, 'password', '修改密码', 1, '', 0, 7, 3, 0, 0),
(207, 'getAdResourcesList', '选择默认资源', 1, '', 0, 88, 3, 0, 0),
(208, 'getAdPositionList', '选择广告位信息', 1, '', 0, 90, 3, 0, 0),
(210, 'index', '列表', 1, '', 0, 209, 3, 0, 0),
(211, 'add', '新增', 1, '', 0, 209, 3, 0, 0),
(212, 'edit', '编辑', 1, '', 0, 209, 3, 0, 0),
(213, 'insert', '写入', 1, '', 0, 209, 3, 0, 0),
(214, 'update', '更新', 1, '', 0, 209, 3, 0, 0),
(215, 'forbid', '禁用', 1, '', 0, 209, 3, 0, 0),
(216, 'resume', '恢复', 1, '', 0, 209, 3, 0, 0),
(217, 'foreverdelete', '删除', 1, '', 0, 209, 3, 0, 0),
(224, 'defaultCreate', '生成发送包', 1, '', 0, 87, 3, 0, 0),
(225, 'getAdTypeList', '业务类型列表', 1, '', 0, 86, 3, 0, 0),
(226, 'getAdResourcesList', '资源列表', 1, '', 0, 86, 3, 0, 0),
(227, 'getPositionList', '获取广告位', 1, '', 0, 86, 3, 0, 0),
(228, 'getEditPositionList', '编辑时获取广告位', 1, '', 0, 86, 3, 0, 0),
(229, 'index', '列表', 1, '', 0, 223, 3, 0, 0),
(230, 'add', '新增', 1, '', 0, 223, 3, 0, 0),
(231, 'edit', '编辑', 1, '', 0, 223, 3, 0, 0),
(232, 'insert', '写入', 1, '', 0, 223, 3, 0, 0),
(233, 'update', '更新', 1, '', 0, 223, 3, 0, 0),
(234, 'forbid', '禁用', 1, '', 0, 223, 3, 0, 0),
(235, 'resume', '恢复', 1, '', 0, 223, 3, 0, 0),
(236, 'foreverdelete', '删除', 1, '', 0, 223, 3, 0, 0),
(237, 'index', '列表', 1, '', 0, 222, 3, 0, 0),
(238, 'add', '新增', 1, '', 0, 222, 3, 0, 0),
(239, 'edit', '编辑', 1, '', 0, 222, 3, 0, 0),
(240, 'insert', '写入', 1, '', 0, 222, 3, 0, 0),
(241, 'update', '更新', 1, '', 0, 222, 3, 0, 0),
(242, 'forbid', '禁用', 1, '', 0, 222, 3, 0, 0),
(243, 'resume', '恢复', 1, '', 0, 222, 3, 0, 0),
(244, 'foreverdelete', '删除', 1, '', 0, 222, 3, 0, 0),
(245, 'index', '列表', 1, '', 0, 221, 3, 0, 0),
(246, 'add', '新增', 1, '', 0, 221, 3, 0, 0),
(247, 'edit', '编辑', 1, '', 0, 221, 3, 0, 0),
(248, 'insert', '写入', 1, '', 0, 221, 3, 0, 0),
(249, 'update', '更新', 1, '', 0, 221, 3, 0, 0),
(250, 'forbid', '禁用', 1, '', 0, 221, 3, 0, 0),
(251, 'resume', '恢复', 1, '', 0, 221, 3, 0, 0),
(252, 'foreverdelete', '删除', 1, '', 0, 221, 3, 0, 0),
(253, 'index', '列表', 1, '', 0, 220, 3, 0, 0),
(254, 'add', '新增', 1, '', 0, 220, 3, 0, 0),
(255, 'edit', '编辑', 1, '', 0, 220, 3, 0, 0),
(256, 'insert', '写入', 1, '', 0, 220, 3, 0, 0),
(257, 'update', '更新', 1, '', 0, 220, 3, 0, 0),
(258, 'forbid', '禁用', 1, '', 0, 220, 3, 0, 0),
(259, 'resume', '恢复', 1, '', 0, 220, 3, 0, 0),
(260, 'foreverdelete', '删除', 1, '', 0, 220, 3, 0, 0),
(261, 'index', '列表', 1, '', 0, 219, 3, 0, 0),
(262, 'add', '新增', 1, '', 0, 219, 3, 0, 0),
(263, 'edit', '编辑', 1, '', 0, 219, 3, 0, 0),
(264, 'insert', '写入', 1, '', 0, 219, 3, 0, 0),
(265, 'update', '更新', 1, '', 0, 219, 3, 0, 0),
(266, 'forbid', '禁用', 1, '', 0, 219, 3, 0, 0),
(267, 'resume', '恢复', 1, '', 0, 219, 3, 0, 0),
(268, 'foreverdelete', '删除', 1, '', 0, 219, 3, 0, 0),
(269, 'index', '列表', 1, '', 0, 218, 3, 0, 0),
(270, 'add', '新增', 1, '', 0, 218, 3, 0, 0),
(271, 'edit', '编辑', 1, '', 0, 218, 3, 0, 0),
(272, 'insert', '写入', 1, '', 0, 218, 3, 0, 0),
(273, 'update', '更新', 1, '', 0, 218, 3, 0, 0),
(274, 'forbid', '禁用', 1, '', 0, 218, 3, 0, 0),
(275, 'resume', '恢复', 1, '', 0, 218, 3, 0, 0),
(276, 'foreverdelete', '删除', 1, '', 0, 218, 3, 0, 0),
(277, 'setGroupAll', '设置权限', 1, '', 0, 6, 3, 0, 0),
(288, 'Config', '系统配置', 1, '', 0, 1, 2, 0, 2),
(289, 'Sysconfig', '系统配置管理', 1, '', 0, 1, 2, 0, 2),
(290, 'Works', '作品列表', 1, '', 0, 1, 2, 0, 14),
(291, 'Works_sort', '作品分类', 1, '', 0, 1, 2, 0, 14),
(292, 'Qun_member', '成员管理', 1, '', 0, 1, 2, 0, 14),
(293, 'Qun_sort', '成员分类', 1, '', 0, 1, 2, 0, 14),
(294, 'Message', '留言建议', 1, '', 0, 1, 2, 0, 14),
(295, 'Pages', '单页管理', 1, '', 0, 1, 2, 0, 14),
(296, 'Website_log', '网站更新日志', 1, '', 0, 1, 2, 0, 14),
(297, 'Syscache', '更新缓存', 1, '', 0, 1, 2, 0, 2),
(298, 'Uploads', '附件管理', 1, '', 0, 1, 2, 0, 14),
(299, 'Works_special', '作品专题', 1, '', 0, 1, 2, 0, 14);

-- --------------------------------------------------------

--
-- 表的结构 `xiami_pages`
--

CREATE TABLE IF NOT EXISTS `xiami_pages` (
  `id` int(11) NOT NULL AUTO_INCREMENT COMMENT '自增ID',
  `title` varchar(128) NOT NULL COMMENT '标题',
  `code` varchar(128) NOT NULL COMMENT '代码',
  `contents` text NOT NULL COMMENT '内容',
  `adduser` varchar(100) NOT NULL COMMENT '添加人',
  `addtime` int(10) NOT NULL DEFAULT '0' COMMENT '添加时间',
  `is_open_edit` tinyint(1) NOT NULL COMMENT '是否允许前台编辑',
  PRIMARY KEY (`id`),
  KEY `slug` (`code`)
) ENGINE=MyISAM  DEFAULT CHARSET=utf8 COMMENT='单页管理' AUTO_INCREMENT=15 ;

--
-- 转存表中的数据 `xiami_pages`
--

INSERT INTO `xiami_pages` (`id`, `title`, `code`, `contents`, `adduser`, `addtime`, `is_open_edit`) VALUES
(14, '联系我们', 'about', '<p>最虾米*作品秀&nbsp;</p><p>V1.1</p><p>update 2013/3/15</p><p><br /></p><p>最虾米来源闽南话中的意思：做什么。</p><p>一路的成长我们曾多少次的迷茫，都在想做什么</p><p>别想了，开始做吧。</p><p>最虾米目前以收集鬼群的<strong>前端开发</strong>作品为主，建立和推广作品</p><p>让前端开发从技术实现到产品，到商品价值的过程。</p><p><br /></p><p>我们还在不断改进，我们还有很长很长的路要走，</p><p>不管我们是否中途就“挂了”，但是我们开始做了，</p><p>请给我们一些时间，也希望多多支持</p><p>有什么建议，意见，纠错欢迎提出</p><p><br /></p><p>鬼懿成长QQ群：181368696</p><p>鬼懿IT：19046753（第8年）</p><p>新浪官方微博：@最虾米网站</p><p><br /></p><p><strong>特别感谢最虾米团队</strong></p><p>焰之翼（wewe）</p><p>Travis<br /></p><p>Sam</p><p>TGL</p><p>光敏</p><p><strong>感谢参谋</strong></p><p>胡尐睿</p><p>漫步</p><p>加入最虾米团队，加qq群：256732638</p><p><br /></p>', 'zuixiami', 1360851430, 0);

-- --------------------------------------------------------

--
-- 表的结构 `xiami_qun_member`
--

CREATE TABLE IF NOT EXISTS `xiami_qun_member` (
  `id` int(11) NOT NULL AUTO_INCREMENT COMMENT '自增ID',
  `qun_sort_id` int(11) NOT NULL DEFAULT '0' COMMENT '群分类ID对应works_sort',
  `qq` varchar(100) NOT NULL COMMENT 'qq号码',
  `name` varchar(100) NOT NULL COMMENT 'qq名',
  `await` bigint(20) NOT NULL COMMENT '期待作者',
  PRIMARY KEY (`id`)
) ENGINE=MyISAM  DEFAULT CHARSET=utf8 COMMENT='群成员表' AUTO_INCREMENT=496 ;

--
-- 转存表中的数据 `xiami_qun_member`
--

INSERT INTO `xiami_qun_member` (`id`, `qun_sort_id`, `qq`, `name`, `await`) VALUES
(1, 2, '156197086', '元彦', 0),
(2, 2, '173574', 'Gray Zhang', 0),
(3, 2, '325600', 'jackysui', 0),
(4, 2, '449666', 'Franky', 0),
(5, 2, '985869', 'tension', 0),
(6, 2, '581594', 'Idd ChiangΨ', 0),
(7, 2, '1371164', '罐头', 0),
(8, 2, '2222342', 'aoao', 0),
(9, 2, '2010846', '瓦西诺', 0),
(10, 2, '2449824', 'TGL', 0),
(11, 2, '3071730', '红茶', 0),
(12, 2, '4585839', '翅膀的初衷', 0),
(13, 2, '4765078', 'J.深圳.Kinvix', 0),
(14, 2, '5836240', '破锣锅（流火）', 0),
(15, 2, '5888900', ' 胖的没救了', 0),
(16, 2, '6365151', '二指禅@冬天', 0),
(17, 2, '7599433', '  纱迦', 0),
(18, 2, '7799939', '苦瓜', 0),
(19, 2, '7827648', '耗子', 0),
(20, 2, '10832126', '菜虫-php', 0),
(21, 2, '10887926', 'Allan', 0),
(22, 2, '11692278', '爱得太迟', 0),
(23, 2, '12359954', '飞', 0),
(24, 2, '12399472', '铭←￠銘☆中', 0),
(25, 2, '12771346', 'linxz', 0),
(26, 2, '9246369', '汤姆大叔', 0),
(27, 2, '13640661', '.攻城师.王子墨', 0),
(28, 2, '13124048', '阿安', 1),
(29, 2, '14639262', '简单', 0),
(30, 2, '17049484', 'TooBug', 0),
(31, 2, '17362644', '北京-Mobile前端', 0),
(32, 2, '19316465', '天行者-阿纳金', 0),
(33, 2, '19511344', '月の影', 0),
(34, 2, '22062019', '斩梦人天天', 0),
(35, 2, '22168741', '鬼-CSSForest', 1),
(36, 2, '25071953', 'Ashung', 0),
(37, 2, '18228871', '呼吸二氧化碳', 0),
(38, 2, '25403285', '夜带水果刀', 0),
(39, 2, '25965172', 'WineGhost', 0),
(40, 2, '21970798', 'js植物僵尸', 0),
(41, 2, '25974515', 'WayFind', 0),
(42, 2, '32463376', '神飞', 0),
(43, 2, '26597925', '創丗仼-wenford', 0),
(44, 2, '33841623', 'JUSTICE', 0),
(45, 2, '35493339', '秋末', 0),
(46, 2, '37149283', '/kaAIの海雅', 0),
(47, 2, '37221597', '正男', 0),
(48, 2, '40214639', '射雕', 2),
(49, 2, '42267689', '深圳.webryan', 0),
(50, 2, '44115311', '  ^TEN789^', 0),
(51, 2, '47214707', 'nuysoft', 0),
(52, 2, '50167214', '一丝冰凉', 0),
(53, 2, '49341282', '草珊瑚', 0),
(54, 2, '50462391', '桃江-黑魅电脑', 0),
(55, 2, '53548939', '林小米', 0),
(56, 2, '55491848', '东方', 0),
(57, 2, '64701528', 'undefined', 0),
(58, 2, '65137123', 'jojo', 0),
(59, 2, '65265800', '漫步', 0),
(60, 2, '75424121', 'SAM', 0),
(61, 2, '79194034', '朝沐金风', 0),
(62, 2, '81059347', 'W3CPLUS♂大漠', 6),
(63, 2, '84685009', 'Pft⁺', 0),
(64, 2, '85615859', '红牛哥', 0),
(65, 2, '85914984', '超人不会飞', 0),
(66, 2, '86528112', '风车田', 0),
(67, 2, '86340926', '有凤来仪℡²º¹³', 0),
(68, 2, '87651357', '鬼', 0),
(69, 2, '89597540', 'HOHO', 0),
(70, 2, '89687013', '织晴野绣_飘飘', 0),
(71, 2, '97601577', '北京-地听', 0),
(72, 2, '99124363', '~~~焰之翼~~~', 0),
(73, 2, '107287782', '黄sir', 0),
(74, 2, '110537065', '胖水罐儿', 0),
(75, 2, '110698041', '勾三股四', 0),
(76, 2, '110777195', 'Rong.l', 0),
(77, 2, '115928478', '晴天_杨永全', 0),
(78, 2, '125355665', '飞鱼', 0),
(79, 2, '130016001', '贫道小菜~', 0),
(80, 2, '125779473', 'Warren', 0),
(81, 2, '148246293', '愚人码头²º¹³', 0),
(82, 2, '153720615', '风之石', 0),
(83, 2, '156004628', '雨夜带刀', 0),
(84, 2, '159257119', 'Mr.L', 0),
(85, 2, '164864042', 'I''m Catty', 0),
(86, 2, '165531007', '无心恋战', 0),
(88, 2, '176542304', 'Smallni', 0),
(89, 2, '181422448', '情封', 0),
(90, 2, '250711743', 'nodeJs', 0),
(91, 2, '253463199', '广州 - Kevin', 0),
(92, 2, '260320641', 'Kelly.L', 0),
(93, 2, '270000911', '蚂蚁 zzbo', 0),
(94, 2, '273682443', '左手&心', 0),
(95, 2, '275194850', '槿', 0),
(96, 2, '277041948', '笨笨熊', 0),
(97, 2, '278408910', 'Jace', 0),
(98, 2, '278820261', '_刘华仔', 0),
(99, 2, '283068242', '    filod   ', 0),
(100, 2, '283592468', '北京-屈屈', 0),
(101, 2, '286013388', '石头', 0),
(102, 2, '286123886', '小玖', 0),
(103, 2, '287019674', '龙', 0),
(104, 2, '297343536', '		黑骏马*达', 0),
(106, 2, '303386577', '小飞/:; /db', 0),
(107, 2, '304327508', '杭州 - Hooray', 1),
(108, 2, '304484562', 'Ray', 0),
(109, 2, '305748872', '郑州-fighting', 0),
(110, 2, '307111876', 'Mouse', 0),
(111, 2, '308864973', 'SteveZheng', 0),
(112, 2, '312526656', 'V V', 0),
(113, 2, '313643834', 'v.v.v', 0),
(114, 2, '317164726', 'Roddy', 0),
(115, 2, '317619207', 'Unicac建', 0),
(116, 2, '331492653', 'Hodor', 0),
(117, 2, '332937663', 'NON-Fish', 0),
(118, 2, '334634439', '呆呆', 0),
(119, 2, '348287474', '鹏鹏', 0),
(120, 2, '348853132', '寒冬', 0),
(121, 2, '355926480', '广东Gemy', 0),
(122, 2, '357065141', 'rain.kx', 0),
(123, 2, '362278013', '吓人的鸟', 0),
(124, 2, '365941471', 'Childe', 0),
(125, 2, '381778429', '阿/鄙视当', 0),
(126, 2, '377473286', '走失噶猫仔', 0),
(127, 2, '381882733', '丸子', 0),
(128, 2, '395144541', '99', 0),
(129, 2, '408382289', '小影', 0),
(130, 2, '409742425', '下一站', 0),
(131, 2, '410491325', '小杜', 0),
(132, 2, '410950767', '堕落天使', 0),
(133, 2, '421247232', '凌风', 0),
(134, 2, '413937014', 'John', 0),
(135, 2, '421283942', '421283942', 0),
(136, 2, '446741501', 'gdy', 0),
(137, 2, '448428742', '薇薇', 0),
(138, 2, '450835302', '藍色の水︶ㄣ', 0),
(139, 2, '470378842', 'AKI', 0),
(140, 2, '490469340', '岚枫', 0),
(141, 2, '496065812', 'i++', 0),
(142, 2, '492685841', '姬光', 0),
(143, 2, '506737068', 'Fanny', 0),
(144, 2, '499979038', 'Welefen Lee', 0),
(145, 2, '519491877', '993', 0),
(146, 2, '514154739', 'निर्वाण', 0),
(147, 2, '522375962', '长城的草', 0),
(148, 2, '524533090', '糖饼', 0),
(149, 2, '546090990', '倪宝华', 0),
(150, 2, '499457633', 'CJ', 0),
(151, 2, '546703535', 'Travis', 0),
(152, 2, '583912055', 'yoom', 0),
(153, 2, '552101015', '喜欢兔子牙', 0),
(393, 1, '1249467894', '1249467894', 0),
(155, 2, '595283390', '想飞', 0),
(156, 2, '598823987', '娃哈哈', 0),
(157, 2, '602256481', 'ㄣ姩軽づ人ヾ', 0),
(158, 2, '616982101', 'Tommy', 0),
(159, 2, '623059526', '为之', 0),
(160, 2, '626877434', 'Mark秦', 0),
(161, 2, '631892577', '拔赤(Jayli)', 0),
(162, 2, '653193063', '藤藤', 0),
(163, 2, '592668024', '正在输入...', 0),
(164, 2, '654189882', 'script', 0),
(165, 2, '693146571', '强记', 0),
(166, 2, '741187359', '    【Rain】', 0),
(167, 2, '752683590', 'TERRY', 0),
(168, 2, '784862578', 'Sun Mage', 0),
(169, 2, '824079801', '落星', 0),
(170, 2, '858587868', 'Dark Li', 0),
(171, 2, '871925574', '走起来', 0),
(172, 2, '896105520', 'dustin', 0),
(173, 2, '909269903', 'Charles', 0),
(174, 2, '934545863', '紫泉夜', 0),
(175, 2, '965440974', 'style', 0),
(176, 2, '974060448', '上海-蓝悦', 0),
(177, 1, '978563552', '学习中ember', 0),
(178, 2, '979184890', 'Sky&Line', 0),
(179, 2, '980761931', '木头', 0),
(180, 2, '992412062', 'HOUOOP', 0),
(181, 2, '994726915', 'veeki', 0),
(182, 2, '1024062499', 'cson', 0),
(183, 2, '1076881151', '☑周裕波?忘记', 0),
(184, 2, '1093872817', '月之轮回2009', 0),
(185, 2, '1239447879', '杭州-jsor', 0),
(186, 2, '1296340270', 'kennyluck', 0),
(187, 2, '1337854510', '张鑫旭-上海', 0),
(188, 2, '1417434498', 'ZodiacMa', 0),
(189, 2, '1420488496', '小翼', 0),
(190, 2, '1482788981', '岑安', 0),
(191, 2, '1519976506', '诺小七', 0),
(192, 2, '1641186359', 'sycal', 0),
(193, 2, '1669866773', '司徒正美/mg', 0),
(194, 2, '1685889399', '老赵', 0),
(195, 2, '1730956117', 'abcd', 0),
(196, 2, '2232116003', '磊', 0),
(197, 2, '1792367908', '移动应用开发', 0),
(198, 2, '2353474046', 'BJ-欢欢Stefan', 0),
(199, 2, '2673221870', '梦想天空', 0),
(200, 1, '1482174', 'wolf_m', 0),
(397, 1, '154090108', '长龙', 0),
(202, 1, '1134795', '米莱iallai', 0),
(203, 2, '4041990', '刺鳥', 5),
(204, 1, '6104651', 'Koala', 0),
(466, 1, '16995580', 'Maxpin', 0),
(206, 1, '14193539', '要没时间了', 0),
(207, 1, '25018238', '星尘无梦/wx', 0),
(208, 1, '32227764', 'isS', 0),
(396, 1, '14965818', 'akaash', 0),
(210, 1, '56652685', '上海-jeff', 0),
(213, 1, '76376931', '罕夕撒', 0),
(214, 1, '82867904', '蜗眼', 0),
(215, 1, '77642304', ' 鱼跃飞雪', 0),
(390, 1, '1003570528', '雨声', 0),
(217, 1, '123756185', 'Barry.Chen', 0),
(218, 1, '124761101', 'lingyired', 0),
(219, 1, '150090907', '_.._..__.._.._.._.....', 0),
(220, 1, '153187470', '夜雨', 0),
(221, 1, '156789754', '严格的猫妈妈', 0),
(222, 1, '173939539', 'Bruce Yee', 0),
(223, 1, '170026929', '夜幻/kf月影', 0),
(224, 1, '234384019', '25', 0),
(225, 1, '191879617', 'Ziv', 0),
(226, 1, '252668974', '岁月静好', 0),
(227, 1, '252767053', 'jieme', 0),
(229, 1, '283340171', 'bighead', 0),
(230, 1, '285290325', '55', 0),
(231, 1, '313691665', '✿超超', 0),
(232, 1, '296588820', '沈礼^_^', 0),
(233, 1, '316057476', '木子', 0),
(234, 1, '316254128', '海泪知己', 0),
(235, 1, '331251756', 'RULES', 0),
(395, 1, '13458180', '&玡宇&', 0),
(237, 1, '351108013', 'arthinking', 0),
(463, 1, '1197745796', '小白', 0),
(239, 1, '381527417', '☊ 可惜の流年²º¹³', 0),
(240, 1, '404521938', '我就是这样', 0),
(241, 1, '407528992', 'Me', 0),
(242, 1, '408513276', '人工智能', 0),
(243, 1, '443984702', 'Yamelo', 0),
(244, 1, '447206434', '(*^_^*)', 0),
(245, 1, '459072341', '小e', 0),
(246, 1, '464493582', 'Administrator', 0),
(247, 1, '489509930', '盒子半生', 0),
(248, 1, '497819236', 'neverstop²º¹³', 0),
(249, 1, '540423724', '讲不出再见。', 0),
(394, 1, '12725240', 'MISTERの725', 0),
(251, 1, '569171010', '深圳(武汉)-荔枝', 0),
(252, 1, '572181678', '1001', 0),
(253, 1, '595565110', '郁郁葱葱', 0),
(254, 1, '598869621', '二当家的', 0),
(392, 1, '1198263844', '小鑫', 0),
(256, 1, '611033043', 'jolin_べ', 0),
(257, 1, '625455600', 'EvanTre', 0),
(391, 1, '1173290990', '杨', 0),
(259, 1, '626994287', 'Sweet', 0),
(260, 1, '675250896', 'Hoogle', 0),
(261, 1, '707181108', '老黑', 0),
(262, 1, '707297069', '北京-小韩', 0),
(263, 1, '724719285', '飞翔', 0),
(264, 1, '740304676', '自由的灵魂', 0),
(265, 1, '756451181', 'YOUNG_9', 0),
(266, 1, '772215542', '上海-小兔', 0),
(267, 1, '785178029', '@小熊@', 0),
(268, 1, '851223969', '冰点', 0),
(269, 1, '841878025', '阿米', 0),
(270, 1, '862288488', '木首', 0),
(271, 1, '908436244', '絡克', 0),
(272, 1, '913048823', '深圳-时生', 0),
(273, 1, '985867294', '魔坛', 0),
(274, 1, '986487074', '❀ 加气质美眉Qq：179."932', 0),
(275, 1, '1114658758', '一斑', 0),
(276, 1, '244298282', '粥小跳°', 0),
(464, 1, '1437652367', '功夫熊猫', 0),
(278, 1, '289120944', '杭州-Vernsu', 0),
(279, 1, '303924609', '兔子', 0),
(280, 1, '332318961', '清泉石上流', 0),
(281, 1, '345272998', '智足者富', 0),
(282, 1, '362068342', 'messchapters', 0),
(462, 1, '112055730', ' 武强', 0),
(284, 1, '420557529', '晴天', 0),
(285, 1, '392928898', '#我是#', 0),
(286, 1, '438802741', '438802741', 0),
(287, 1, '447015507', '萧晗', 0),
(288, 1, '453866130', 'Thewei', 1),
(289, 1, '496625949', '年年有余', 0),
(290, 1, '502529135', 'T o p', 0),
(291, 1, '504806956', '唛兜兜', 0),
(292, 1, '516452159', '$@iceing$@', 0),
(293, 1, '544942465', 'Z.Mofei', 0),
(294, 1, '654393589', '哦。', 0),
(295, 1, '664701912', 'BADI', 0),
(296, 1, '712634821', '138_伟培', 0),
(297, 1, '838608468', '也许', 0),
(298, 1, '910785208', 'David', 0),
(299, 1, '1012338063', 'winter', 0),
(300, 1, '1554418076', '罗幕轻寒', 0),
(301, 1, '1576691620', '哈~', 0),
(302, 1, '2605690599', '小熊', 0),
(303, 1, '703053', '苦口可乐', 0),
(304, 1, '110187', 'Zeux', 0),
(305, 1, '965496', 'kaiye', 0),
(306, 1, '4126587', '114la杜强', 0),
(307, 1, '4055880', 'aomm', 0),
(308, 1, '4453106', '巴蒂', 0),
(309, 1, '17978106', '点心', 0),
(465, 1, '1514736553', '飞船一号', 0),
(311, 1, '30563542', 'αj๑孨', 0),
(312, 1, '13530910', ' ', 0),
(313, 1, '49929111', '电动小马达~', 0),
(314, 1, '65161269', '≮天之倒影≯', 0),
(315, 1, '71567506', 'ZL', 0),
(316, 1, '75111221', 'sakura', 0),
(317, 1, '81594559', '灯火阑珊', 0),
(318, 1, '103298187', 'Reg', 0),
(319, 1, '115393304', '云中漫步', 0),
(320, 1, '79836300', '包子', 0),
(321, 1, '153695666', 'Flye', 0),
(322, 1, '118196979', '寻寻道人', 0),
(323, 1, '170467809', '似水流年', 0),
(324, 1, '287102009', '音乐城邦', 0),
(325, 1, '289370483', '徐威', 0),
(326, 1, '308776027', '小小青青', 0),
(327, 1, '215098326', 'Lolipop', 0),
(328, 1, '317213853', '幸福追着我跑', 0),
(329, 1, '327341273', '半兽人', 0),
(330, 1, '340663148', '猪是的念来过倒', 0),
(331, 1, '262817214', '等待', 0),
(332, 1, '270842722', 'basecss²º¹³', 0),
(333, 1, '281287945', '八月', 0),
(334, 1, '283333237', 'Mr.Indigo', 0),
(335, 1, '250239016', '海风', 0),
(336, 1, '348259567', '夜月待香', 0),
(337, 1, '284454806', '赵伟伟', 0),
(338, 1, '360754583', '烟花烫', 0),
(339, 1, '372122358', '松影', 0),
(340, 1, '373756805', '老卢', 0),
(341, 1, '398640599', 'Design', 0),
(342, 1, '442156594', 'Actor', 0),
(343, 1, '468200951', 'flymouse', 0),
(344, 1, '469184346', '悔惜晟', 0),
(346, 1, '415502300', 'Keen', 0),
(347, 1, '510285534', '木头人', 0),
(348, 1, '512707890', '雨弓', 0),
(349, 1, '497105892', '神马', 0),
(350, 1, '525808374', 'Hewj', 0),
(351, 1, '529655328', '豆芽', 0),
(352, 1, '514277125', '夏至', 0),
(353, 1, '547754770', '蘑菇', 0),
(354, 1, '568853486', '流泪鱼儿', 0),
(355, 1, '574065029', '宁静致远', 0),
(357, 1, '591487514', '實現承諾', 0),
(358, 1, '599241285', 'Su9er', 0),
(359, 1, '604957901', 'Joyce', 0),
(360, 1, '785555823', '．▕莪佷杧゛', 0),
(361, 1, '792207024', '牛奶咖啡', 0),
(362, 1, '844214607', '明日日月明', 0),
(363, 1, '857593182', 'Aileen ', 0),
(364, 1, '904591031', 'DINO', 0),
(365, 1, '910362929', 'im007boy', 0),
(366, 1, '913773783', '麦子', 0),
(367, 1, '919899931', 'Mr.Worldwide', 0),
(368, 1, '951628318', '广州-美橙儿', 0),
(369, 1, '1017890677', '五号', 0),
(370, 1, '1028263596', 'WCBTF', 0),
(372, 1, '1245997972', 'belive', 0),
(373, 1, '1290388696', 'about:blank', 0),
(374, 1, '1577172590', '阳建南', 0),
(376, 1, '364184', '闪溜是一把式', 0),
(377, 1, '2544882', '任我游', 0),
(378, 1, '5382862', '左岸', 0),
(379, 1, '12278984', 'Arthur.', 0),
(380, 1, '9978707', '余洋.ACM', 0),
(381, 1, '21015798', '一了吉木', 0),
(382, 1, '63658598', '杨先生', 0),
(383, 1, '75828040', 'Joe', 0),
(385, 1, '99412240', '森森·嗷嗷', 0),
(386, 1, '147987562', '风尘浪子', 0),
(387, 1, '151481184', '__coder__', 0),
(388, 1, '122085146', '任浩', 0),
(389, 1, '215098516', 'zoogle', 0),
(399, 1, '156833246', ' Garfield ', 0),
(400, 1, '1628354540', '中国政务论坛', 0),
(401, 1, '1654417635', 'kivill', 0),
(402, 1, '16953812', '莫失莫忘', 0),
(403, 1, '17541313', 'Jack@牧牛座', 0),
(404, 1, '1805767248', '摩帆士', 0),
(405, 1, '2233740469', '偏执的小女人 ', 0),
(406, 1, '234123806', 'conan', 0),
(407, 1, '244036090', '林中白狼', 0),
(408, 1, '250533205', '一个人···', 0),
(409, 1, '254151796', '哇当当', 0),
(411, 1, '262126991', '远行的蜗牛', 0),
(412, 1, '273369925', '开心果', 0),
(413, 1, '274122598', '顾丶小末', 1),
(414, 1, '280246025', 'PY', 0),
(415, 1, '289007183', '鹿鸣', 0),
(416, 1, '295447642', '【北京】尧盈', 0),
(417, 1, '31946700', '风逐蓝天', 0),
(418, 1, '342819075', ' 、心疲惫。。', 0),
(419, 1, '346928347', '地瓜Love土豆', 0),
(421, 1, '361743360', '~(*_*)~', 0),
(422, 1, '373381593', '德煒', 0),
(423, 1, '396556709', '菱薇', 0),
(424, 2, '398791472', '浩明1999', 0),
(425, 1, '414063753', 'Cassie', 0),
(426, 1, '4199545', '无枫', 0),
(427, 1, '4272002', '心动不如行动', 0),
(428, 2, '44422921', '自由的鱼', 0),
(429, 1, '448395708', '风过叶落', 0),
(430, 1, '462553390', '厦门-大山', 0),
(431, 1, '464174511', '啊啦', 0),
(432, 1, '464989056', '。。。', 0),
(433, 1, '465801319', '465801319', 0),
(434, 1, '503149253', '蜗牛', 0),
(435, 1, '530919202', '宿醉', 0),
(436, 1, '545502032', '灬 揚丶', 0),
(437, 1, '576386151', 'XguoX', 0),
(438, 1, '583502597', '自由自在o8o2', 0),
(439, 1, '591268144', '陈琛', 0),
(440, 1, '705523636', '小小菜鸟', 0),
(441, 1, '706639632', '独孤影', 0),
(442, 1, '709556550', '蜗牛', 0),
(443, 1, '710491936', '麦田的守望者', 1),
(444, 1, '728970705', '2011我们的歌', 0),
(445, 1, '740440213', '梓羿 ', 0),
(446, 1, '747259552', 'ni', 0),
(447, 1, '775710828', '亦久亦旧 #  ', 0),
(448, 1, '844251288', '没有再  怕 的 ', 0),
(449, 1, '84478883', '痞子丶陈', 0),
(450, 1, '85345603', '兔子', 0),
(451, 1, '85358030', '{@堇年}', 0),
(461, 2, '104589226', '飘零雾雨', 0),
(453, 1, '85743936', 'τ．_bugIe6°', 0),
(454, 1, '867978371', 'daabin', 0),
(455, 2, '906079358', '程序猿小卡', 0),
(456, 1, '920934842', '北京-cheney', 0),
(457, 1, '969383776', '︶ㄣ一个人的精彩', 0),
(458, 1, '978736387', '大块头', 0),
(459, 1, '982748666', ' 似火年華っ', 0),
(460, 1, '99286615', '璟', 0),
(467, 1, '184565673', 'null', 0),
(468, 1, '20202263', 'Kainy', 0),
(469, 1, '2468405038', 'PandaGIS', 0),
(470, 1, '25977766', '陌づ', 0),
(471, 1, '27439425', 'Gideon', 0),
(472, 1, '278554029', '杭州-灵月', 0),
(473, 1, '283419767', 'Peter.Zheng', 0),
(474, 2, '30372245', 'sanshi', 1),
(475, 1, '314110753', '小贝', 0),
(476, 1, '329784240', 'ξ..命运ing.', 0),
(477, 2, '330035359', '阮一峰-上海', 0),
(478, 1, '369441319', '陌', 0),
(479, 1, '399294317', '喜欢阳光', 0),
(480, 1, '449809492', '嘟凡子', 0),
(481, 1, '463452529', 'ABpasser', 0),
(482, 1, '499530526', '店小二', 0),
(483, 1, '516277337', '给力山大-包', 0),
(484, 1, '543070621', 'ヤDreamう', 0),
(485, 1, '546435', '香草天空', 0),
(486, 1, '568388916', '-￥红叶飘飘-', 0),
(487, 1, '603349287', 'whatever', 0),
(488, 1, '61700541', '德艺双馨佟开心 (￣▽￣)', 0),
(489, 1, '649063451', 'UEDesigner', 0),
(490, 1, '693200439', '余锋', 0),
(491, 1, '694760450', 'DA-Z', 0),
(492, 1, '732779309', '732779309', 0),
(493, 1, '742317370', '︶ㄣQ', 0),
(494, 1, '798757301', 'King', 0),
(495, 1, '970517184', '陨桅', 0);

-- --------------------------------------------------------

--
-- 表的结构 `xiami_qun_sort`
--

CREATE TABLE IF NOT EXISTS `xiami_qun_sort` (
  `id` int(11) NOT NULL AUTO_INCREMENT COMMENT '群分类ID',
  `name` varchar(100) NOT NULL COMMENT '群分类名',
  `sid` int(11) NOT NULL DEFAULT '0' COMMENT '排序',
  PRIMARY KEY (`id`)
) ENGINE=MyISAM  DEFAULT CHARSET=utf8 COMMENT='群分类' AUTO_INCREMENT=6 ;

--
-- 转存表中的数据 `xiami_qun_sort`
--

INSERT INTO `xiami_qun_sort` (`id`, `name`, `sid`) VALUES
(1, '成长群', 1),
(2, '高级群', 2);

-- --------------------------------------------------------

--
-- 表的结构 `xiami_role`
--

CREATE TABLE IF NOT EXISTS `xiami_role` (
  `id` smallint(6) unsigned NOT NULL AUTO_INCREMENT COMMENT '自增ID',
  `name` varchar(20) NOT NULL COMMENT '组名',
  `pid` smallint(6) NOT NULL COMMENT '上级ID',
  `status` tinyint(1) unsigned NOT NULL COMMENT '状态',
  `remark` varchar(255) NOT NULL COMMENT '备注',
  `ename` varchar(5) NOT NULL,
  `create_time` int(11) unsigned NOT NULL COMMENT '添加时间',
  `update_time` int(11) unsigned NOT NULL COMMENT '修改时间',
  PRIMARY KEY (`id`),
  KEY `parentId` (`pid`),
  KEY `ename` (`ename`),
  KEY `status` (`status`)
) ENGINE=MyISAM  DEFAULT CHARSET=utf8 COMMENT='角色分组' AUTO_INCREMENT=15 ;

--
-- 转存表中的数据 `xiami_role`
--

INSERT INTO `xiami_role` (`id`, `name`, `pid`, `status`, `remark`, `ename`, `create_time`, `update_time`) VALUES
(1, '管理组', 0, 1, '', '', 1208784792, 1305166068),
(2, '编辑组', 0, 1, '', '', 1215496283, 1305166076),
(9, '信息组', 0, 1, '', '', 1307071286, 0);

-- --------------------------------------------------------

--
-- 表的结构 `xiami_role_user`
--

CREATE TABLE IF NOT EXISTS `xiami_role_user` (
  `role_id` mediumint(9) unsigned DEFAULT NULL COMMENT '角色授权ID对应role表',
  `user_id` char(32) DEFAULT NULL COMMENT '用户ID',
  KEY `group_id` (`role_id`),
  KEY `user_id` (`user_id`)
) ENGINE=MyISAM DEFAULT CHARSET=utf8 COMMENT='用户角色授权表';

--
-- 转存表中的数据 `xiami_role_user`
--

INSERT INTO `xiami_role_user` (`role_id`, `user_id`) VALUES
(4, '27'),
(4, '26'),
(4, '30'),
(5, '31'),
(3, '22'),
(3, '1'),
(1, '4'),
(1, '39'),
(1, '39'),
(3, '35'),
(3, '36'),
(1, '2'),
(2, '3'),
(1, '39'),
(1, '39'),
(1, '39'),
(1, '40'),
(11, '41'),
(0, '42'),
(0, '42'),
(11, '41'),
(1, '40'),
(10, '43'),
(10, '43'),
(11, '41'),
(10, '44'),
(10, '44'),
(10, '43'),
(11, '41'),
(1, '45'),
(0, '46'),
(0, '47'),
(2, '48'),
(2, '48'),
(1, '49'),
(NULL, '49');

-- --------------------------------------------------------

--
-- 表的结构 `xiami_syslogs`
--

CREATE TABLE IF NOT EXISTS `xiami_syslogs` (
  `id` int(12) NOT NULL AUTO_INCREMENT COMMENT '自增ID',
  `modulename` varchar(30) NOT NULL COMMENT '分组',
  `actionname` varchar(30) NOT NULL COMMENT '模块',
  `opname` varchar(30) NOT NULL COMMENT '操作',
  `message` varchar(30) DEFAULT NULL COMMENT '备注',
  `userid` smallint(5) NOT NULL DEFAULT '0' COMMENT '用户ID',
  `username` varchar(64) NOT NULL COMMENT '用户名',
  `userip` varchar(40) NOT NULL COMMENT '用户IP',
  `create_time` int(11) NOT NULL COMMENT '操作时间',
  PRIMARY KEY (`id`)
) ENGINE=MyISAM  DEFAULT CHARSET=utf8 COMMENT='管理员操作日志表' AUTO_INCREMENT=78 ;

--
-- 转存表中的数据 `xiami_syslogs`
--

INSERT INTO `xiami_syslogs` (`id`, `modulename`, `actionname`, `opname`, `message`, `userid`, `username`, `userip`, `create_time`) VALUES
(25, '系统管理', '用户管理', '状态禁用成功', '用户ID48', 1, 'wewe(wewe)', '127.0.0.1', 1347378686),
(17, '系统管理', '用户管理', '添加用户', '用户id46', 1, '超级管理员(wewe)', '127.0.0.1', 1347335962),
(18, '系统管理', '用户管理', '添加用户', '用户id47', 1, '超级管理员(wewe)', '127.0.0.1', 1347344464),
(19, '系统管理', '用户管理', '状态禁用成功', '用户ID47', 1, '超级管理员(wewe)', '127.0.0.1', 1347345503),
(20, '系统管理', '用户管理', '状态禁用成功', '用户ID46', 1, '超级管理员(wewe)', '127.0.0.1', 1347345505),
(21, '系统管理', '用户管理', '状态禁用成功', '用户ID47', 1, '超级管理员(wewe)', '127.0.0.1', 1347345516),
(22, '系统管理', '用户管理', '状态禁用成功', '用户ID46', 1, '超级管理员(wewe)', '127.0.0.1', 1347345520),
(23, '系统管理', '用户管理', '添加用户', '用户id48', 1, 'wewe(wewe)', '127.0.0.1', 1347369648),
(24, '系统管理', '用户管理', '修改当前密码', '成功', 1, 'wewe(wewe)', '127.0.0.1', 1347369706),
(26, '系统管理', '用户管理', '编辑用户48', '成功', 1, 'wewe(wewe)', '127.0.0.1', 1361855929),
(27, '系统管理', '用户管理', '编辑用户48', '成功', 1, 'wewe(wewe)', '127.0.0.1', 1361855969),
(28, '系统管理', '用户管理', '状态禁用成功', '用户ID48', 1, 'wewe(wewe)', '127.0.0.1', 1361865924),
(29, '系统管理', '用户管理', '修改当前密码', '失败', 1, 'wewe(wewe)', '127.0.0.1', 1361865938),
(30, '系统管理', '用户管理', '添加用户', '用户id49', 1, 'wewe(wewe)', '127.0.0.1', 1361866613),
(31, '系统管理', '用户管理', '编辑用户49', '成功', 1, 'wewe(wewe)', '127.0.0.1', 1361866625),
(32, '系统管理', '用户管理', '编辑用户49', '成功', 1, 'wewe(wewe)', '127.0.0.1', 1361866634),
(33, '系统管理', '用户管理', '状态禁用成功', '用户ID49', 1, 'wewe(wewe)', '127.0.0.1', 1361866644),
(34, '系统管理', '用户管理', '状态禁用成功', '用户ID48', 2, 'travis(travis)', '127.0.0.1', 1361932711),
(35, '0', '0', '新增', 'ID:id', 1, 'wewe(wewe)', '127.0.0.1', 1362377847),
(36, 'Admin', 'Website_log', 'insert', 'ID:id', 1, 'wewe(wewe)', '127.0.0.1', 1362378154),
(37, '后台管理', '0', '修改当前密码', '成功', 1, 'wewe(wewe)', '127.0.0.1', 1362379111),
(38, '后台管理', '网站更新日志', '写入', '0', 1, 'wewe(wewe)', '127.0.0.1', 1362379168),
(39, '后台管理', '网站更新日志', '写入', 'ID:20', 1, 'wewe(wewe)', '127.0.0.1', 1362379263),
(40, '后台管理', '网站更新日志', '更新', 'ID:1', 1, 'wewe(wewe)', '127.0.0.1', 1362379295),
(41, '后台管理', '网站更新日志', '写入', '新增ID:21成功', 1, 'wewe(wewe)', '127.0.0.1', 1362380053),
(42, '后台管理', '网站更新日志', '更新', '编辑ID:1成功', 1, 'wewe(wewe)', '127.0.0.1', 1362380064),
(43, '后台管理', '网站更新日志', '删除', '删除成功ID:21', 1, 'wewe(wewe)', '127.0.0.1', 1362380068),
(44, '后台管理', '网站更新日志', '', '选择删除成功ID:20', 1, 'wewe(wewe)', '127.0.0.1', 1362380072),
(45, '后台管理', '网站更新日志', '更新', '编辑ID:1成功', 1, 'wewe(wewe)', '127.0.0.1', 1362380110),
(46, '后台管理', '网站更新日志', '更新', '编辑ID:成功', 1, 'wewe(wewe)', '127.0.0.1', 1362380232),
(47, '后台管理', '网站更新日志', '写入', '新增ID:22成功', 1, 'wewe(wewe)', '127.0.0.1', 1362380300),
(48, '后台管理', '网站更新日志', '更新', '编辑ID:22成功', 1, 'wewe(wewe)', '127.0.0.1', 1362380314),
(49, '后台管理', '节点管理', '写入', '新增ID:298成功', 1, 'wewe(wewe)', '127.0.0.1', 1362547396),
(50, '后台管理', '角色管理', '写入', '新增ID:14成功', 1, 'wewe(wewe)', '127.0.0.1', 1362547458),
(51, '后台管理', '角色管理', '删除', '删除成功ID:14', 1, 'wewe(wewe)', '127.0.0.1', 1362547465),
(52, '后台管理', '成员管理', '删除', '删除成功ID:391', 1, 'wewe(wewe)', '127.0.0.1', 1362547488),
(53, '后台管理', '作品分类', '', '新增ID:16成功', 1, 'wewe(wewe)', '127.0.0.1', 1362548559),
(54, '后台管理', '作品分类', '删除', '删除成功ID:16', 1, 'wewe(wewe)', '127.0.0.1', 1362548567),
(55, '后台管理', '节点管理', '删除', '删除成功ID:298', 1, 'wewe(wewe)', '127.0.0.1', 1362548783),
(56, '后台管理', '作品分类', '', '新增ID:17成功', 1, 'wewe(wewe)', '127.0.0.1', 1362549191),
(57, '后台管理', '作品分类', '', '新增ID:18成功', 1, 'wewe(wewe)', '127.0.0.1', 1362549387),
(58, '后台管理', '作品分类', '', '新增ID:19成功', 1, 'wewe(wewe)', '127.0.0.1', 1362549712),
(59, '后台管理', '作品分类', '删除', '删除成功ID:18', 1, 'wewe(wewe)', '127.0.0.1', 1362551235),
(60, '后台管理', '作品分类', '删除', '删除成功ID:19', 1, 'wewe(wewe)', '127.0.0.1', 1362551237),
(61, '后台管理', '作品分类', '删除', '删除成功ID:17', 1, 'wewe(wewe)', '127.0.0.1', 1362551239),
(62, '后台管理', '作品列表', '删除', '删除成功ID:147', 1, 'wewe(wewe)', '127.0.0.1', 1362567060),
(63, '后台管理', '管理员', '保存修改密码', '系统管理', 1, 'wewe(wewe)', '175.43.62.74', 1363330250),
(64, '后台管理', '管理员', '更新', '系统管理', 1, 'wewe(wewe)', '175.43.62.74', 1363330270),
(65, '后台管理', '单页管理', '更新', '编辑ID:14成功', 2, 'travis(travis)', '120.42.92.29', 1363330750),
(66, '后台管理', '作品列表', '删除', '删除成功ID:128', 1, 'wewe(wewe)', '175.43.62.74', 1363331070),
(67, '后台管理', '作品列表', '删除', '删除成功ID:129', 1, 'wewe(wewe)', '175.43.62.74', 1363331184),
(68, '后台管理', '作品专题', '写入', '新增ID:1成功', 2, 'travis(travis)', '120.42.92.29', 1363331552),
(69, '后台管理', '作品专题', '更新', '编辑ID:1成功', 2, 'travis(travis)', '120.42.92.29', 1363331907),
(70, '后台管理', '作品专题', '写入', '新增ID:2成功', 2, 'travis(travis)', '120.42.92.29', 1363331940),
(71, '后台管理', '作品列表', '删除', '删除成功ID:127', 2, 'travis(travis)', '120.42.92.29', 1363332997),
(72, '后台管理', '作品列表', '删除', '删除成功ID:124', 2, 'travis(travis)', '120.42.92.29', 1363333005),
(73, '后台管理', '作品列表', '删除', '删除成功ID:116', 2, 'travis(travis)', '120.42.92.29', 1363333023),
(74, '后台管理', '作品列表', '', '选择删除成功ID:112,110,109,103,102,1', 2, 'travis(travis)', '120.42.92.29', 1363333068),
(75, '后台管理', '管理员', '保存修改密码', '系统管理', 1, 'wewe(wewe)', '175.43.62.74', 1365732326),
(76, '后台管理', '作品专题', '写入', '新增ID:3成功', 2, 'zmyfujian(zmyfujian)', '117.28.236.93', 1365732471),
(77, '后台管理', '作品专题', '更新', '编辑ID:3成功', 2, 'zmyfujian(zmyfujian)', '117.28.236.93', 1365732592);

-- --------------------------------------------------------

--
-- 表的结构 `xiami_tag`
--

CREATE TABLE IF NOT EXISTS `xiami_tag` (
  `id` int(11) NOT NULL AUTO_INCREMENT COMMENT '自增ID',
  `tagname` varchar(200) NOT NULL COMMENT '标签名称',
  `hits` bigint(20) NOT NULL COMMENT '点击量',
  PRIMARY KEY (`id`)
) ENGINE=MyISAM DEFAULT CHARSET=utf8 AUTO_INCREMENT=1 ;

--
-- 转存表中的数据 `xiami_tag`
--


-- --------------------------------------------------------

--
-- 表的结构 `xiami_tag_relationship`
--

CREATE TABLE IF NOT EXISTS `xiami_tag_relationship` (
  `id` int(11) NOT NULL AUTO_INCREMENT COMMENT '自增ID',
  `tagid` int(11) NOT NULL COMMENT '标签ID',
  `workid` int(11) NOT NULL COMMENT '作品ID',
  PRIMARY KEY (`id`)
) ENGINE=MyISAM DEFAULT CHARSET=utf8 AUTO_INCREMENT=1 ;

--
-- 转存表中的数据 `xiami_tag_relationship`
--


-- --------------------------------------------------------

--
-- 表的结构 `xiami_team`
--

CREATE TABLE IF NOT EXISTS `xiami_team` (
  `id` int(10) NOT NULL AUTO_INCREMENT COMMENT '自增ID',
  `teamname` varchar(100) NOT NULL COMMENT '团队名称',
  `teamimg` varchar(200) NOT NULL COMMENT '团队头像',
  `teamurl` varchar(200) NOT NULL COMMENT '团队地址',
  `notice` varchar(255) NOT NULL COMMENT '团队介绍',
  `creatuserid` int(11) NOT NULL COMMENT '创建人',
  `creatime` int(10) NOT NULL DEFAULT '0' COMMENT '团队创建时间',
  `status` tinyint(1) NOT NULL DEFAULT '0' COMMENT '状态 1回收站 0正常使用',
  PRIMARY KEY (`id`)
) ENGINE=MyISAM DEFAULT CHARSET=utf8 COMMENT='团队表' AUTO_INCREMENT=1 ;

--
-- 转存表中的数据 `xiami_team`
--


-- --------------------------------------------------------

--
-- 表的结构 `xiami_team_qunmember`
--

CREATE TABLE IF NOT EXISTS `xiami_team_qunmember` (
  `id` int(10) NOT NULL AUTO_INCREMENT COMMENT '团队成员主键ID',
  `teamid` int(10) NOT NULL COMMENT '团队ID',
  `qunmemberid` int(10) NOT NULL COMMENT '团队成员ID',
  PRIMARY KEY (`id`)
) ENGINE=MyISAM DEFAULT CHARSET=utf8 COMMENT='团队成员表' AUTO_INCREMENT=1 ;

--
-- 转存表中的数据 `xiami_team_qunmember`
--


-- --------------------------------------------------------

--
-- 表的结构 `xiami_team_user`
--

CREATE TABLE IF NOT EXISTS `xiami_team_user` (
  `id` int(10) NOT NULL AUTO_INCREMENT COMMENT '团队成员主键ID',
  `teamid` int(10) NOT NULL COMMENT '团队ID',
  `userid` int(11) NOT NULL COMMENT '用户ID关联user表',
  PRIMARY KEY (`id`)
) ENGINE=MyISAM DEFAULT CHARSET=utf8 COMMENT='团队成员表' AUTO_INCREMENT=1 ;

--
-- 转存表中的数据 `xiami_team_user`
--


-- --------------------------------------------------------

--
-- 表的结构 `xiami_team_work`
--

CREATE TABLE IF NOT EXISTS `xiami_team_work` (
  `id` int(10) NOT NULL AUTO_INCREMENT COMMENT '团队作品主键ID',
  `workid` int(10) NOT NULL COMMENT '团队作品id',
  `teamid` int(10) NOT NULL COMMENT '团队id',
  PRIMARY KEY (`id`)
) ENGINE=MyISAM DEFAULT CHARSET=utf8 COMMENT='团队作品表' AUTO_INCREMENT=1 ;

--
-- 转存表中的数据 `xiami_team_work`
--


-- --------------------------------------------------------

--
-- 表的结构 `xiami_t_members`
--

CREATE TABLE IF NOT EXISTS `xiami_t_members` (
  `id` varchar(100) NOT NULL COMMENT '自增ID',
  `qqnumber` varchar(100) NOT NULL COMMENT 'QQ号码',
  `qqname` varchar(100) NOT NULL COMMENT '昵称',
  KEY `qqnumber` (`qqnumber`)
) ENGINE=MyISAM DEFAULT CHARSET=utf8 COMMENT='原始QQ群记录需要处理到qun_member内';

--
-- 转存表中的数据 `xiami_t_members`
--

INSERT INTO `xiami_t_members` (`id`, `qqnumber`, `qqname`) VALUES
('2', '156197086', '元彦'),
('2', '173574', 'Gray Zhang'),
('2', '325600', 'jackysui'),
('2', '449666', 'Franky'),
('2', '985869', 'tension'),
('2', '581594', 'Idd ChiangΨ'),
('2', '1371164', '罐头'),
('2', '2222342', 'aoao'),
('2', '2010846', '瓦西诺'),
('2', '2449824', 'TGL'),
('2', '3071730', '红茶'),
('2', '4585839', '翅膀的初衷'),
('2', '4765078', 'J.深圳.Kinvix'),
('2', '5836240', '破锣锅（流火）'),
('2', '5888900', ' 胖的没救了'),
('2', '6365151', '二指禅@冬天'),
('2', '7599433', '  纱迦'),
('2', '7799939', '苦瓜'),
('2', '7827648', '耗子'),
('2', '10832126', '菜虫-php'),
('2', '10887926', 'Allan'),
('2', '11692278', '爱得太迟'),
('2', '12359954', '飞'),
('2', '12399472', '铭←￠銘☆中'),
('2', '12771346', 'linxz'),
('2', '9246369', '汤姆大叔'),
('2', '13640661', '.攻城师.王子墨'),
('2', '13124048', '阿安'),
('2', '14639262', '简单'),
('2', '17049484', 'TooBug'),
('2', '17362644', '北京-Mobile前端'),
('2', '19316465', '天行者-阿纳金'),
('2', '19511344', '月の影'),
('2', '22062019', '斩梦人天天'),
('2', '22168741', '鬼-CSSForest'),
('2', '25071953', 'Ashung'),
('2', '18228871', '呼吸二氧化碳'),
('2', '25403285', '夜带水果刀'),
('2', '25965172', 'WineGhost'),
('2', '21970798', 'js植物僵尸'),
('2', '25974515', 'WayFind'),
('2', '32463376', '神飞'),
('2', '26597925', '創丗仼-wenford'),
('2', '33841623', 'JUSTICE'),
('2', '35493339', '秋末'),
('2', '37149283', '/kaAIの海雅'),
('2', '37221597', '正男'),
('2', '40214639', '射雕'),
('2', '42267689', '深圳.webryan'),
('2', '44115311', '  ^TEN789^'),
('2', '47214707', 'nuysoft'),
('2', '50167214', '一丝冰凉'),
('2', '49341282', '草珊瑚'),
('2', '50462391', '桃江-黑魅电脑'),
('2', '53548939', '林小米'),
('2', '55491848', '东方'),
('2', '64701528', 'undefined'),
('2', '65137123', 'jojo'),
('2', '65265800', '漫步'),
('2', '75424121', 'SAM'),
('2', '79194034', '朝沐金风'),
('2', '81059347', 'W3CPLUS♂大漠'),
('2', '84685009', 'Pft⁺'),
('2', '85615859', '红牛哥'),
('2', '85914984', '超人不会飞'),
('2', '86528112', '风车田'),
('2', '86340926', '有凤来仪℡²º¹³'),
('2', '87651357', '鬼'),
('2', '89597540', 'HOHO'),
('2', '89687013', '织晴野绣_飘飘'),
('2', '97601577', '北京-地听'),
('2', '99124363', '~~~焰之翼~~~'),
('2', '107287782', '黄sir'),
('2', '110537065', '胖水罐儿'),
('2', '110698041', '勾三股四'),
('2', '110777195', 'Rong.l'),
('2', '115928478', '晴天_杨永全'),
('2', '125355665', '飞鱼'),
('2', '130016001', '贫道小菜~'),
('2', '125779473', 'Warren'),
('2', '148246293', '愚人码头²º¹³'),
('2', '153720615', '风之石'),
('2', '156004628', '雨夜带刀'),
('2', '159257119', 'Mr.L'),
('2', '164864042', 'I''m Catty'),
('2', '165531007', '无心恋战'),
('2', '176542304', 'Smallni'),
('2', '181422448', '情封'),
('2', '250711743', 'nodeJs'),
('2', '253463199', '广州 - Kevin'),
('2', '260320641', 'Kelly.L'),
('2', '270000911', '蚂蚁 zzbo'),
('2', '273682443', '左手&心'),
('2', '275194850', '槿'),
('2', '277041948', '笨笨熊'),
('2', '278408910', 'Jace'),
('2', '278820261', '_刘华仔'),
('2', '283068242', '    filod   '),
('2', '283592468', '北京-屈屈'),
('2', '286013388', '石头'),
('2', '286123886', '小玖'),
('2', '287019674', '龙'),
('2', '297343536', '		黑骏马*达'),
('2', '303386577', '小飞/:; /db'),
('2', '304327508', '杭州 - Hooray'),
('2', '304484562', 'Ray'),
('2', '305748872', '郑州-fighting'),
('2', '307111876', 'Mouse'),
('2', '308864973', 'SteveZheng'),
('2', '312526656', 'V V'),
('2', '313643834', 'v.v.v'),
('2', '317164726', 'Roddy'),
('2', '317619207', 'Unicac建'),
('2', '331492653', 'Hodor'),
('2', '332937663', 'NON-Fish'),
('2', '334634439', '呆呆'),
('2', '348287474', '鹏鹏'),
('2', '348853132', '寒冬'),
('2', '355926480', '广东Gemy'),
('2', '357065141', 'rain.kx'),
('2', '362278013', '吓人的鸟'),
('2', '365941471', 'Childe'),
('2', '381778429', '阿/鄙视当'),
('2', '377473286', '走失噶猫仔'),
('2', '381882733', '丸子'),
('2', '395144541', '99'),
('2', '408382289', '小影'),
('2', '409742425', '下一站'),
('2', '410491325', '小杜'),
('2', '410950767', '堕落天使'),
('2', '421247232', '凌风'),
('2', '413937014', 'John'),
('2', '421283942', '421283942'),
('2', '446741501', 'gdy'),
('2', '448428742', '薇薇'),
('2', '450835302', '藍色の水︶ㄣ'),
('2', '470378842', 'AKI'),
('2', '490469340', '岚枫'),
('2', '496065812', 'i++'),
('2', '492685841', '姬光'),
('2', '506737068', 'Fanny'),
('2', '499979038', 'Welefen Lee'),
('2', '519491877', '993'),
('2', '514154739', 'निर्वाण'),
('2', '522375962', '长城的草'),
('2', '524533090', '糖饼'),
('2', '546090990', '倪宝华'),
('2', '499457633', 'CJ'),
('2', '546703535', 'Travis'),
('2', '583912055', 'yoom'),
('2', '552101015', '喜欢兔子牙'),
('2', '595283390', '想飞'),
('2', '598823987', '娃哈哈'),
('2', '602256481', 'ㄣ姩軽づ人ヾ'),
('2', '616982101', 'Tommy'),
('2', '623059526', '为之'),
('2', '626877434', 'Mark秦'),
('2', '631892577', '拔赤(Jayli)'),
('2', '653193063', '藤藤'),
('2', '592668024', '正在输入...'),
('2', '654189882', 'script'),
('2', '693146571', '强记'),
('2', '741187359', '    【Rain】'),
('2', '752683590', 'TERRY'),
('2', '784862578', 'Sun Mage'),
('2', '824079801', '落星'),
('2', '858587868', 'Dark Li'),
('2', '871925574', '走起来'),
('2', '896105520', 'dustin'),
('2', '909269903', 'Charles'),
('2', '934545863', '紫泉夜'),
('2', '965440974', 'style'),
('2', '974060448', '上海-蓝悦'),
('2', '979184890', 'Sky&Line'),
('2', '980761931', '木头'),
('2', '992412062', 'HOUOOP'),
('2', '994726915', 'veeki'),
('2', '1024062499', 'cson'),
('2', '1076881151', '☑周裕波?忘记'),
('2', '1093872817', '月之轮回2009'),
('2', '1239447879', '杭州-jsor'),
('2', '1296340270', 'kennyluck'),
('2', '1337854510', '张鑫旭-上海'),
('2', '1417434498', 'ZodiacMa'),
('2', '1420488496', '小翼'),
('2', '1482788981', '岑安'),
('2', '1519976506', '诺小七'),
('2', '1641186359', 'sycal'),
('2', '1669866773', '司徒正美/mg'),
('2', '1685889399', '老赵'),
('2', '1730956117', 'abcd'),
('2', '2232116003', '磊'),
('2', '1792367908', '移动应用开发'),
('2', '2353474046', 'BJ-欢欢Stefan'),
('2', '2673221870', '梦想天空'),
('2', '44422921', '自由的鱼'),
('2', '398791472', '浩明1999'),
('2', '906079358', '程序猿小卡'),
('2', '4041990', '刺鳥'),
('2', '30372245', 'sanshi'),
('2', '104589226', '飘零雾雨'),
('2', '330035359', '阮一峰-上海'),
('1', '1482174', 'wolf_m'),
('1', '2449824', 'TGL'),
('1', '1134795', '米莱iallai'),
('1', '4041990', '刺鳥'),
('1', '6104651', 'Koala'),
('1', '13124048', '安'),
('1', '14193539', '要没时间了'),
('1', '25018238', '星尘无梦/wx'),
('1', '32227764', 'isS'),
('1', '56652685', '上海-jeff'),
('1', '65265800', '漫步'),
('1', '75424121', 'SAM'),
('1', '76376931', '罕夕撒'),
('1', '82867904', '蜗眼'),
('1', '77642304', ' 鱼跃飞雪'),
('1', '87651357', '鬼'),
('1', '123756185', 'Barry.Chen'),
('1', '124761101', 'lingyired'),
('1', '150090907', '_.._..__.._.._.._.....'),
('1', '153187470', '夜雨'),
('1', '156789754', '严格的猫妈妈'),
('1', '173939539', 'Bruce Yee'),
('1', '170026929', '夜幻/kf月影'),
('1', '234384019', '25'),
('1', '191879617', 'Ziv'),
('1', '252668974', '岁月静好'),
('1', '252767053', 'jieme'),
('1', '283340171', 'bighead'),
('1', '285290325', '55'),
('1', '313691665', '✿超超'),
('1', '296588820', '沈礼^_^'),
('1', '316057476', '木子'),
('1', '316254128', '海泪知己'),
('1', '331251756', 'RULES'),
('1', '331492653', '北京-Hodor'),
('1', '351108013', 'arthinking'),
('1', '381527417', '☊ 可惜の流年²º¹³'),
('1', '404521938', '我就是这样'),
('1', '407528992', 'Me'),
('1', '408513276', '人工智能'),
('1', '443984702', 'Yamelo'),
('1', '447206434', '(*^_^*)'),
('1', '459072341', '小e'),
('1', '464493582', 'Administrator'),
('1', '489509930', '盒子半生'),
('1', '497819236', 'neverstop²º¹³'),
('1', '540423724', '讲不出再见。'),
('1', '546703535', 'Travis'),
('1', '569171010', '深圳(武汉)-荔枝'),
('1', '572181678', '1001'),
('1', '595565110', '郁郁葱葱'),
('1', '598869621', '二当家的'),
('1', '598823987', '长沙-娃哈哈'),
('1', '611033043', 'jolin_べ'),
('1', '625455600', 'EvanTre'),
('1', '616982101', 'Technologier'),
('1', '626994287', 'Sweet'),
('1', '675250896', 'Hoogle'),
('1', '707181108', '老黑'),
('1', '707297069', '北京-小韩'),
('1', '724719285', '飞翔'),
('1', '740304676', '自由的灵魂'),
('1', '756451181', 'YOUNG_9'),
('1', '772215542', '上海-小兔'),
('1', '785178029', '@小熊@'),
('1', '851223969', '冰点'),
('1', '841878025', '阿米'),
('1', '862288488', '木首'),
('1', '908436244', '絡克'),
('1', '913048823', '深圳-时生'),
('1', '985867294', '魔坛'),
('1', '986487074', '❀ 加气质美眉Qq：179."932'),
('1', '1114658758', '一斑'),
('1', '244298282', '粥小跳°'),
('1', '289120944', '杭州-Vernsu'),
('1', '303924609', '兔子'),
('1', '332318961', '清泉石上流'),
('1', '345272998', '智足者富'),
('1', '362068342', 'messchapters'),
('1', '420557529', '晴天'),
('1', '392928898', '#我是#'),
('1', '438802741', '438802741'),
('1', '447015507', '萧晗'),
('1', '453866130', 'Thewei'),
('1', '496625949', '年年有余'),
('1', '502529135', 'T o p'),
('1', '504806956', '唛兜兜'),
('1', '516452159', '$@iceing$@'),
('1', '544942465', 'Z.Mofei'),
('1', '654393589', '哦。'),
('1', '664701912', 'BADI'),
('1', '712634821', '138_伟培'),
('1', '838608468', '也许'),
('1', '910785208', 'David'),
('1', '1012338063', 'winter'),
('1', '12725240', 'MISTERの725'),
('1', '13458180', '&玡宇&'),
('1', '14965818', 'akaash'),
('1', '16953812', '莫失莫忘'),
('1', '31946700', '风逐蓝天'),
('1', '85345603', '兔子'),
('1', '1554418076', '罗幕轻寒'),
('1', '1576691620', '哈~'),
('1', '2605690599', '小熊'),
('1', '703053', '苦口可乐'),
('1', '110187', 'Zeux'),
('1', '965496', 'kaiye'),
('1', '4126587', '114la杜强'),
('1', '4055880', 'aomm'),
('1', '4453106', '巴蒂'),
('1', '17978106', '点心'),
('1', '30563542', 'αj๑孨'),
('1', '13530910', ' '),
('1', '49929111', '电动小马达~'),
('1', '65161269', '≮天之倒影≯'),
('1', '71567506', 'ZL'),
('1', '75111221', 'sakura'),
('1', '81594559', '灯火阑珊'),
('1', '103298187', 'Reg'),
('1', '115393304', '云中漫步'),
('1', '79836300', '包子'),
('1', '153695666', 'Flye'),
('1', '118196979', '寻寻道人'),
('1', '170467809', '似水流年'),
('1', '287102009', '音乐城邦'),
('1', '289370483', '徐威'),
('1', '308776027', '小小青青'),
('1', '215098326', 'Lolipop'),
('1', '317213853', '幸福追着我跑'),
('1', '327341273', '半兽人'),
('1', '340663148', '猪是的念来过倒'),
('1', '262817214', '等待'),
('1', '270842722', 'basecss²º¹³'),
('1', '281287945', '八月'),
('1', '283333237', 'Mr.Indigo'),
('1', '250239016', '海风'),
('1', '348259567', '夜月待香'),
('1', '284454806', '赵伟伟'),
('1', '360754583', '烟花烫'),
('1', '372122358', '松影'),
('1', '373756805', '老卢'),
('1', '398640599', 'Design'),
('1', '442156594', 'Actor'),
('1', '468200951', 'flymouse'),
('1', '469184346', '悔惜晟'),
('1', '415502300', 'Keen'),
('1', '510285534', '木头人'),
('1', '512707890', '雨弓'),
('1', '497105892', '神马'),
('1', '525808374', 'Hewj'),
('1', '529655328', '豆芽'),
('1', '514277125', '夏至'),
('1', '547754770', '蘑菇'),
('1', '568853486', '流泪鱼儿'),
('1', '574065029', '宁静致远'),
('1', '591487514', '實現承諾'),
('1', '599241285', 'Su9er'),
('1', '85358030', '{@堇年}'),
('1', '85743936', 'τ．_bugIe6°'),
('1', '99286615', '璟'),
('1', '156833246', ' Garfield '),
('1', '234123806', 'conan'),
('1', '244036090', '林中白狼'),
('1', '250533205', '一个人···'),
('1', '254151796', '哇当当'),
('1', '274122598', '顾丶小末'),
('1', '280246025', 'PY'),
('1', '289007183', '鹿鸣'),
('1', '295447642', '【北京】尧盈'),
('1', '361743360', '~(*_*)~'),
('1', '414063753', 'Cassie'),
('1', '448395708', '风过叶落'),
('1', '464174511', '啊啦'),
('1', '464989056', '。。。'),
('1', '503149253', '蜗牛'),
('1', '545502032', '灬 揚丶'),
('1', '576386151', 'XguoX'),
('1', '583502597', '自由自在o8o2'),
('1', '591268144', '陈琛'),
('1', '709556550', '蜗牛'),
('1', '710491936', '麦田的守望者'),
('1', '747259552', 'ni'),
('1', '775710828', '亦久亦旧 #  '),
('1', '906079358', 'casper'),
('1', '844251288', '没有再  怕 的 '),
('1', '867978371', 'daabin'),
('1', '604957901', 'Joyce'),
('1', '785555823', '．▕莪佷杧゛'),
('1', '792207024', '牛奶咖啡'),
('1', '844214607', '明日日月明'),
('1', '857593182', 'Aileen '),
('1', '904591031', 'DINO'),
('1', '910362929', 'im007boy'),
('1', '913773783', '麦子'),
('1', '919899931', 'Mr.Worldwide'),
('1', '951628318', '广州-美橙儿'),
('1', '1017890677', '五号'),
('1', '1028263596', 'WCBTF'),
('1', '1245997972', 'belive'),
('1', '1290388696', 'about:blank'),
('1', '1577172590', '阳建南'),
('1', '364184', '闪溜是一把式'),
('1', '2544882', '任我游'),
('1', '5382862', '左岸'),
('1', '12278984', 'Arthur.'),
('1', '9978707', '余洋.ACM'),
('1', '21015798', '一了吉木'),
('1', '63658598', '杨先生'),
('1', '75828040', 'Joe'),
('1', '99412240', '森森·嗷嗷'),
('1', '147987562', '风尘浪子'),
('1', '151481184', '__coder__'),
('1', '122085146', '任浩'),
('1', '215098516', 'zoogle'),
('1', '920934842', '北京-cheney'),
('1', '969383776', '︶ㄣ一个人的精彩'),
('1', '978736387', '大块头'),
('1', '982748666', ' 似火年華っ'),
('1', '1003570528', '雨声'),
('1', '1198263844', '小鑫'),
('1', '1628354540', '中国政务论坛'),
('1', '1654417635', 'kivill'),
('1', '1805767248', '摩帆士'),
('1', '2233740469', '偏执的小女人 '),
('1', '4272002', '心动不如行动'),
('1', '4199545', '无枫'),
('1', '17541313', 'Jack@牧牛座'),
('1', '84478883', '痞子丶陈'),
('1', '154090108', '长龙'),
('1', '262126991', '远行的蜗牛'),
('1', '273369925', '开心果'),
('1', '346928347', '地瓜Love土豆'),
('1', '342819075', ' 、心疲惫。。'),
('1', '398791472', '浩明1999'),
('1', '373381593', '德煒'),
('1', '396556709', '菱薇'),
('1', '462553390', '厦门-大山'),
('1', '465801319', '465801319'),
('1', '530919202', '宿醉'),
('1', '705523636', '小小菜鸟'),
('1', '706639632', '独孤影'),
('1', '728970705', '2011我们的歌'),
('1', '740440213', '梓羿 '),
('1', '1173290990', '杨'),
('1', '1249467894', '1249467894'),
('1', '970517184', '陨桅'),
('1', '603349287', 'whatever'),
('1', '25977766', '陌づ'),
('1', '283419767', 'Peter.Zheng'),
('1', '1197745796', '小白'),
('1', '314110753', '小贝'),
('1', '463452529', 'ABpasser'),
('1', '1514736553', '飞船一号'),
('1', '546435', '香草天空'),
('1', '649063451', 'UEDesigner'),
('1', '449809492', '嘟凡子'),
('1', '742317370', '︶ㄣQ'),
('1', '732779309', '732779309'),
('1', '20202263', 'Kainy'),
('1', '61700541', '德艺双馨佟开心 (￣▽￣)'),
('1', '369441319', '陌'),
('1', '184565673', 'null'),
('1', '798757301', 'King'),
('1', '693200439', '余锋'),
('1', '399294317', '喜欢阳光'),
('1', '1437652367', '功夫熊猫'),
('1', '694760450', 'DA-Z'),
('1', '16995580', 'Maxpin'),
('1', '499530526', '店小二'),
('1', '568388916', '-￥红叶飘飘-'),
('1', '329784240', 'ξ..命运ing.'),
('1', '543070621', 'ヤDreamう'),
('1', '27439425', 'Gideon'),
('1', '2468405038', 'PandaGIS'),
('1', '516277337', '给力山大-包'),
('1', '278554029', '杭州-灵月'),
('1', '112055730', ' 武强'),
('1', '978563552', '学习中ember');

-- --------------------------------------------------------

--
-- 表的结构 `xiami_uploads`
--

CREATE TABLE IF NOT EXISTS `xiami_uploads` (
  `id` int(11) NOT NULL AUTO_INCREMENT,
  `module` varchar(40) NOT NULL COMMENT '模块',
  `mid` int(11) NOT NULL DEFAULT '0' COMMENT '模块ID',
  `title` varchar(255) NOT NULL COMMENT '标题/图片描述',
  `url` varchar(255) NOT NULL COMMENT '地址',
  `mediatype` varchar(100) NOT NULL COMMENT '媒体类型',
  `filesize` varchar(30) NOT NULL COMMENT '文件大小',
  `extension` varchar(20) NOT NULL COMMENT '后缀名',
  `thumburl_0` varchar(255) NOT NULL COMMENT '缩略图1',
  `thumburl_1` varchar(255) NOT NULL COMMENT '缩略图2',
  `addtime` int(10) NOT NULL COMMENT '添加时间',
  `hit` int(11) NOT NULL DEFAULT '0' COMMENT '点击率',
  PRIMARY KEY (`id`)
) ENGINE=MyISAM  DEFAULT CHARSET=utf8 COMMENT='附件管理' AUTO_INCREMENT=2 ;

--
-- 转存表中的数据 `xiami_uploads`
--

INSERT INTO `xiami_uploads` (`id`, `module`, `mid`, `title`, `url`, `mediatype`, `filesize`, `extension`, `thumburl_0`, `thumburl_1`, `addtime`, `hit`) VALUES
(1, 'Works', 128, '安卓界面 （特价）.JPG', 'Uploads/20130315/5142c7e52b334.JPG', 'image/jpeg', '642810', 'JPG', 'Uploads/thumb/20130315/m_5142c7e52b334.JPG', 'Uploads/thumb/20130315/s_5142c7e52b334.JPG', 1363331045, 0);

-- --------------------------------------------------------

--
-- 表的结构 `xiami_user`
--

CREATE TABLE IF NOT EXISTS `xiami_user` (
  `id` int(11) NOT NULL AUTO_INCREMENT COMMENT '自增ID',
  `qun_sort_id` int(11) NOT NULL DEFAULT '0' COMMENT '群分类ID',
  `type` varchar(100) NOT NULL DEFAULT '0' COMMENT '登录类型',
  `openid` varchar(100) NOT NULL DEFAULT '0' COMMENT '返回开放ID',
  `nickname` varchar(100) NOT NULL DEFAULT '0' COMMENT '昵称',
  `figureurl` varchar(255) NOT NULL DEFAULT 'http://zp.zuixiami.com/app/Tpl/Home/default/Public/images/uheader.jpg' COMMENT '头像地址',
  `qq` varchar(20) NOT NULL DEFAULT '0' COMMENT 'QQ号码',
  `userurl` varchar(200) NOT NULL DEFAULT '0' COMMENT '用户blog地址',
  `notice` varchar(255) NOT NULL DEFAULT '0' COMMENT '用户介绍',
  `is_open` tinyint(1) NOT NULL DEFAULT '0' COMMENT '是否开启自定义昵称',
  `is_locked` tinyint(1) NOT NULL DEFAULT '0' COMMENT '是否停用用户',
  `await` bigint(20) NOT NULL DEFAULT '0' COMMENT '期待作者',
  `hits` bigint(20) NOT NULL DEFAULT '0' COMMENT '点击量',
  `addtime` int(10) NOT NULL DEFAULT '0' COMMENT '添加时间',
  PRIMARY KEY (`id`)
) ENGINE=MyISAM  DEFAULT CHARSET=utf8 COMMENT='用户表' AUTO_INCREMENT=501 ;

--
-- 转存表中的数据 `xiami_user`
--

INSERT INTO `xiami_user` (`id`, `qun_sort_id`, `type`, `openid`, `nickname`, `figureurl`, `qq`, `userurl`, `notice`, `is_open`, `is_locked`, `await`, `hits`, `addtime`) VALUES
(1, 2, '', '0', '元彦', '', '156197086', '', '', 1, 0, 0, 0, 0),
(2, 2, '', '0', 'Gray Zhang', '', '173574', '', '', 0, 0, 0, 0, 0),
(3, 2, '', '0', 'jackysui', '', '325600', '', '', 0, 0, 0, 0, 0),
(4, 2, '', '0', 'Franky', '', '449666', '', '', 0, 0, 0, 0, 0),
(5, 2, '', '0', 'tension', '', '985869', '', '', 0, 0, 0, 0, 0),
(6, 2, '', '0', 'Idd ChiangΨ', '', '581594', '', '', 0, 0, 0, 0, 0),
(7, 2, '', '0', '罐头', '', '1371164', '', '', 0, 0, 0, 0, 0),
(8, 2, '', '0', 'aoao', '', '2222342', '', '', 0, 0, 0, 0, 0),
(9, 2, '', '0', '瓦西诺', '', '2010846', '', '', 0, 0, 0, 0, 0),
(10, 2, '', '0', 'TGL', '', '2449824', '', '', 0, 0, 0, 0, 0),
(11, 2, '', '0', '红茶', '', '3071730', '', '', 0, 0, 0, 0, 0),
(12, 2, '', '0', '翅膀的初衷', '', '4585839', '', '', 0, 0, 0, 0, 0),
(13, 2, '', '0', 'J.深圳.Kinvix', '', '4765078', '', '', 0, 0, 0, 0, 0),
(14, 2, '', '0', '破锣锅（流火）', '', '5836240', '', '', 0, 0, 0, 0, 0),
(15, 2, '', '0', ' 胖的没救了', '', '5888900', '', '', 0, 0, 0, 0, 0),
(16, 2, '', '0', '二指禅@冬天', '', '6365151', '', '', 0, 0, 0, 0, 0),
(17, 2, '', '0', '  纱迦', '', '7599433', '', '', 0, 0, 0, 0, 0),
(18, 2, '', '0', '苦瓜', '', '7799939', '', '', 0, 0, 0, 0, 0),
(19, 2, '', '0', '耗子', '', '7827648', '', '', 0, 0, 0, 0, 0),
(20, 2, '', '0', '菜虫-php', '', '10832126', '', '', 0, 0, 0, 0, 0),
(21, 2, '', '0', 'Allan', '', '10887926', '', '', 0, 0, 0, 0, 0),
(22, 2, '', '0', '爱得太迟', '', '11692278', '', '', 0, 0, 0, 0, 0),
(23, 2, '', '0', '飞', '', '12359954', '', '', 0, 0, 0, 0, 0),
(24, 2, '', '0', '铭←￠銘☆中', '', '12399472', '', '', 0, 0, 0, 0, 0),
(25, 2, '', '0', 'linxz', '', '12771346', '', '', 0, 0, 0, 0, 0),
(26, 2, '', '0', '汤姆大叔', '', '9246369', '', '', 0, 0, 0, 0, 0),
(27, 2, '', '0', '.攻城师.王子墨', '', '13640661', '', '', 0, 0, 0, 0, 0),
(28, 2, '', '0', '阿安', '', '13124048', '', '', 0, 0, 5, 0, 0),
(29, 2, '', '0', '简单', '', '14639262', '', '', 0, 0, 0, 0, 0),
(30, 2, '', '0', 'TooBug', '', '17049484', '', '', 0, 0, 0, 0, 0),
(31, 2, '', '0', '北京-Mobile前端', '', '17362644', '', '', 0, 0, 0, 0, 0),
(32, 2, '', '0', '天行者-阿纳金', '', '19316465', '', '', 0, 0, 0, 0, 0),
(33, 2, '', '0', '月の影', '', '19511344', '', '', 0, 0, 0, 0, 0),
(34, 2, '', '0', '斩梦人天天', '', '22062019', '', '', 0, 0, 0, 0, 0),
(35, 2, '', '0', '鬼-CSSForest', '', '22168741', '', '', 0, 0, 1, 0, 0),
(36, 2, '', '0', 'Ashung', '', '25071953', '', '', 0, 0, 0, 0, 0),
(37, 2, '', '0', '呼吸二氧化碳', '', '18228871', '', '', 0, 0, 0, 0, 0),
(38, 2, '', '0', '夜带水果刀', '', '25403285', '', '', 0, 0, 0, 0, 0),
(39, 2, '', '0', 'WineGhost', '', '25965172', '', '', 0, 0, 0, 0, 0),
(40, 2, '', '0', 'js植物僵尸', '', '21970798', '', '', 0, 0, 0, 0, 0),
(41, 2, '', '0', 'WayFind', '', '25974515', '', '', 0, 0, 0, 0, 0),
(42, 2, '', '0', '神飞', '', '32463376', '', '', 0, 0, 0, 0, 0),
(43, 2, '', '0', '創丗仼-wenford', '', '26597925', '', '', 0, 0, 0, 0, 0),
(44, 2, '', '0', 'JUSTICE', '', '33841623', '', '', 0, 0, 0, 0, 0),
(45, 2, '', '0', '秋末', '', '35493339', '', '', 0, 0, 0, 0, 0),
(46, 2, '', '0', '/kaAIの海雅', '', '37149283', '', '', 0, 0, 0, 0, 0),
(47, 2, '', '0', '正男', '', '37221597', '', '', 0, 0, 0, 0, 0),
(48, 2, '', '0', '射雕', '', '40214639', '', '', 0, 0, 2, 0, 0),
(49, 2, '', '0', '深圳.webryan', '', '42267689', '', '', 0, 0, 0, 0, 0),
(50, 2, '', '0', '  ^TEN789^', '', '44115311', '', '', 0, 0, 0, 0, 0),
(51, 2, '', '0', 'nuysoft', '', '47214707', '', '', 0, 0, 0, 0, 0),
(52, 2, '', '0', '一丝冰凉', '', '50167214', '', '', 0, 0, 0, 0, 0),
(53, 2, '', '0', '草珊瑚', '', '49341282', '', '', 0, 0, 0, 0, 0),
(54, 2, '', '0', '桃江-黑魅电脑', '', '50462391', '', '', 0, 0, 0, 0, 0),
(55, 2, '', '0', '林小米', '', '53548939', '', '', 0, 0, 0, 0, 0),
(56, 2, '', '0', '东方', '', '55491848', '', '', 0, 0, 0, 0, 0),
(57, 2, '', '0', 'undefined', '', '64701528', '', '', 0, 0, 0, 0, 0),
(58, 2, '', '0', 'jojo', '', '65137123', '', '', 0, 0, 0, 0, 0),
(59, 2, '', '0', '漫步', '', '65265800', '', '', 0, 0, 0, 0, 0),
(60, 2, '', '0', 'SAM', '', '75424121', '', '', 0, 0, 0, 0, 0),
(61, 2, '', '0', '朝沐金风', '', '79194034', '', '', 0, 0, 0, 0, 0),
(62, 2, '', '0', 'W3CPLUS♂大漠', '', '81059347', '', '', 0, 0, 6, 0, 0),
(63, 2, '', '0', 'Pft⁺', '', '84685009', '', '', 0, 0, 0, 0, 0),
(64, 2, '', '0', '红牛哥', '', '85615859', '', '', 0, 0, 0, 0, 0),
(65, 2, '', '0', '超人不会飞', '', '85914984', '', '', 0, 0, 0, 0, 0),
(66, 2, '', '0', '风车田', '', '86528112', '', '', 0, 0, 0, 0, 0),
(67, 2, '', '0', '有凤来仪℡²º¹³', '', '86340926', '', '', 0, 0, 0, 0, 0),
(68, 2, 'QQ', '3AE6CB9BEB64082AA9A9E6CF3BC75133', 'ζ鬼懿さ】', 'http://qzapp.qlogo.cn/qzapp/100403953/3AE6CB9BEB64082AA9A9E6CF3BC75133/100', '87651357', 'http://www.zuixiami.com', '', 1, 0, 0, 0, 0),
(69, 2, '', '0', 'HOHO', '', '89597540', '', '', 0, 0, 0, 0, 0),
(70, 2, '', '0', '织晴野绣_飘飘', '', '89687013', '', '', 0, 0, 0, 0, 0),
(71, 2, '', '0', '北京-地听', '', '97601577', '', '', 0, 0, 0, 0, 0),
(72, 2, 'QQ', 'C0CCFF893540973C6FDADD6DEDD59672', '~~~焰之翼~~~', 'http://qzapp.qlogo.cn/qzapp/100403953/C0CCFF893540973C6FDADD6DEDD59672/100', '99124363', '', '', 0, 0, 0, 0, 0),
(73, 2, '', '0', '黄sir', '', '107287782', '', '', 0, 0, 0, 0, 0),
(74, 2, '', '0', '胖水罐儿', '', '110537065', '', '', 0, 0, 0, 0, 0),
(75, 2, '', '0', '勾三股四', '', '110698041', '', '', 0, 0, 0, 0, 0),
(76, 2, '', '0', 'Rong.l', '', '110777195', '', '', 0, 0, 0, 0, 0),
(77, 2, '', '0', '晴天_杨永全', '', '115928478', '', '', 0, 0, 0, 0, 0),
(78, 2, '', '0', '飞鱼', '', '125355665', '', '', 0, 0, 0, 0, 0),
(79, 2, '', '0', '贫道小菜~', '', '130016001', '', '', 0, 0, 0, 0, 0),
(80, 2, '', '0', 'Warren', '', '125779473', '', '', 0, 0, 0, 0, 0),
(81, 2, '', '0', '愚人码头²º¹³', '', '148246293', '', '', 0, 0, 0, 0, 0),
(82, 2, '', '0', '风之石', '', '153720615', '', '', 0, 0, 0, 0, 0),
(83, 2, '', '0', '雨夜带刀', '', '156004628', '', '', 0, 0, 0, 0, 0),
(84, 2, '', '0', 'Mr.L', '', '159257119', '', '', 0, 0, 0, 0, 0),
(85, 2, '', '0', 'I''m Catty', '', '164864042', '', '', 0, 0, 0, 0, 0),
(86, 2, '', '0', '无心恋战', '', '165531007', '', '', 0, 0, 0, 0, 0),
(88, 2, '', '0', 'Smallni', '', '176542304', '', '', 0, 0, 0, 0, 0),
(89, 2, '', '0', '情封', '', '181422448', '', '', 0, 0, 0, 0, 0),
(90, 2, '', '0', 'nodeJs', '', '250711743', '', '', 0, 0, 0, 0, 0),
(91, 2, '', '0', '广州 - Kevin', '', '253463199', '', '', 0, 0, 0, 0, 0),
(92, 2, '', '0', 'Kelly.L', '', '260320641', '', '', 0, 0, 0, 0, 0),
(93, 2, '', '0', '蚂蚁 zzbo', '', '270000911', '', '', 0, 0, 0, 0, 0),
(94, 2, '', '0', '左手&心', '', '273682443', '', '', 0, 0, 0, 0, 0),
(95, 2, '', '0', '槿', '', '275194850', '', '', 0, 0, 0, 0, 0),
(96, 2, '', '0', '笨笨熊', '', '277041948', '', '', 0, 0, 0, 0, 0),
(97, 2, '', '0', 'Jace', '', '278408910', '', '', 0, 0, 0, 0, 0),
(98, 2, '', '0', '_刘华仔', '', '278820261', '', '', 0, 0, 0, 0, 0),
(99, 2, '', '0', '    filod   ', '', '283068242', '', '', 0, 0, 0, 0, 0),
(100, 2, '', '0', '北京-屈屈', '', '283592468', '', '', 0, 0, 0, 0, 0),
(101, 2, '', '0', '石头', '', '286013388', '', '', 0, 0, 0, 0, 0),
(102, 2, '', '0', '小玖', '', '286123886', '', '', 0, 0, 0, 0, 0),
(103, 2, '', '0', '龙', '', '287019674', '', '', 0, 0, 0, 0, 0),
(104, 2, '', '0', '		黑骏马*达', '', '297343536', '', '', 0, 0, 0, 0, 0),
(106, 2, '', '0', '小飞/:; /db', '', '303386577', '', '', 0, 0, 0, 0, 0),
(107, 2, '', '0', '杭州 - Hooray', '', '304327508', '', '', 0, 0, 1, 0, 0),
(108, 2, '', '0', 'Ray', '', '304484562', '', '', 0, 0, 0, 0, 0),
(109, 2, '', '0', '郑州-fighting', '', '305748872', '', '', 0, 0, 0, 0, 0),
(110, 2, '', '0', 'Mouse', '', '307111876', '', '', 0, 0, 0, 0, 0),
(111, 2, '', '0', 'SteveZheng', '', '308864973', '', '', 0, 0, 0, 0, 0),
(112, 2, '', '0', 'V V', '', '312526656', '', '', 0, 0, 0, 0, 0),
(113, 2, '', '0', 'v.v.v', '', '313643834', '', '', 0, 0, 0, 0, 0),
(114, 2, '', '0', 'Roddy', '', '317164726', '', '', 0, 0, 0, 0, 0),
(115, 2, '', '0', 'Unicac建', '', '317619207', '', '', 0, 0, 0, 0, 0),
(116, 2, '', '0', 'Hodor', '', '331492653', '', '', 0, 0, 0, 0, 0),
(117, 2, '', '0', 'NON-Fish', '', '332937663', '', '', 0, 0, 0, 0, 0),
(118, 2, '', '0', '呆呆', '', '334634439', '', '', 0, 0, 0, 0, 0),
(119, 2, '', '0', '鹏鹏', '', '348287474', '', '', 0, 0, 0, 0, 0),
(120, 2, '', '0', '寒冬', '', '348853132', '', '', 0, 0, 0, 0, 0),
(121, 2, '', '0', '广东Gemy', '', '355926480', '', '', 0, 0, 0, 0, 0),
(122, 2, '', '0', 'rain.kx', '', '357065141', '', '', 0, 0, 0, 0, 0),
(123, 2, '', '0', '吓人的鸟', '', '362278013', '', '', 0, 0, 0, 0, 0),
(124, 2, '', '0', 'Childe', '', '365941471', '', '', 0, 0, 0, 0, 0),
(125, 2, '', '0', '阿/鄙视当', '', '381778429', '', '', 0, 0, 0, 0, 0),
(126, 2, '', '0', '走失噶猫仔', '', '377473286', '', '', 0, 0, 0, 0, 0),
(127, 2, '', '0', '丸子', '', '381882733', '', '', 0, 0, 0, 0, 0),
(128, 2, '', '0', '99', '', '395144541', '', '', 0, 0, 0, 0, 0),
(129, 2, '', '0', '小影', '', '408382289', '', '', 0, 0, 0, 0, 0),
(130, 2, '', '0', '下一站', '', '409742425', '', '', 0, 0, 0, 0, 0),
(131, 2, '', '0', '小杜', '', '410491325', '', '', 0, 0, 0, 0, 0),
(132, 2, '', '0', '堕落天使', '', '410950767', '', '', 0, 0, 0, 0, 0),
(133, 2, '', '0', '凌风', '', '421247232', '', '', 0, 0, 0, 0, 0),
(134, 2, '', '0', 'John', '', '413937014', '', '', 0, 0, 0, 0, 0),
(135, 2, '', '0', '421283942', '', '421283942', '', '', 0, 0, 0, 0, 0),
(136, 2, '', '0', 'gdy', '', '446741501', '', '', 0, 0, 0, 0, 0),
(137, 2, '', '0', '薇薇', '', '448428742', '', '', 0, 0, 0, 0, 0),
(138, 2, '', '0', '藍色の水︶ㄣ', '', '450835302', '', '', 0, 0, 0, 0, 0),
(139, 2, '', '0', 'AKI', '', '470378842', '', '', 0, 0, 0, 0, 0),
(140, 2, '', '0', '岚枫', '', '490469340', '', '', 0, 0, 0, 0, 0),
(141, 2, '', '0', 'i++', '', '496065812', '', '', 0, 0, 0, 0, 0),
(142, 2, '', '0', '姬光', '', '492685841', '', '', 0, 0, 0, 0, 0),
(143, 2, '', '0', 'Fanny', '', '506737068', '', '', 0, 0, 0, 0, 0),
(144, 2, '', '0', 'Welefen Lee', '', '499979038', '', '', 0, 0, 0, 0, 0),
(145, 2, '', '0', '993', '', '519491877', '', '', 0, 0, 0, 0, 0),
(146, 2, '', '0', 'निर्वाण', '', '514154739', '', '', 0, 0, 0, 0, 0),
(147, 2, '', '0', '长城的草', '', '522375962', '', '', 0, 0, 0, 0, 0),
(148, 2, '', '0', '糖饼', '', '524533090', '', '', 0, 0, 0, 0, 0),
(149, 2, '', '0', '倪宝华', '', '546090990', '', '', 0, 0, 0, 0, 0),
(150, 2, '', '0', 'CJ', '', '499457633', '', '', 0, 0, 0, 0, 0),
(151, 2, '', '0', 'Travis', '', '546703535', '', '', 0, 0, 0, 0, 0),
(152, 2, '', '0', 'yoom', '', '583912055', '', '', 0, 0, 0, 0, 0),
(153, 2, '', '0', '喜欢兔子牙', '', '552101015', '', '', 0, 0, 0, 0, 0),
(393, 1, '', '0', '1249467894', '', '1249467894', '', '', 0, 0, 0, 0, 0),
(155, 2, '', '0', '想飞', '', '595283390', '', '', 0, 0, 0, 0, 0),
(156, 2, '', '0', '娃哈哈', '', '598823987', '', '', 0, 0, 0, 0, 0),
(157, 2, '', '0', 'ㄣ姩軽づ人ヾ', '', '602256481', '', '', 0, 0, 0, 0, 0),
(158, 2, '', '0', 'Tommy', '', '616982101', '', '', 0, 0, 0, 0, 0),
(159, 2, '', '0', '为之', '', '623059526', '', '', 0, 0, 0, 0, 0),
(160, 2, '', '0', 'Mark秦', '', '626877434', '', '', 0, 0, 0, 0, 0),
(161, 2, '', '0', '拔赤(Jayli)', '', '631892577', '', '', 0, 0, 0, 0, 0),
(162, 2, '', '0', '藤藤', '', '653193063', '', '', 0, 0, 0, 0, 0),
(163, 2, '', '0', '正在输入...', '', '592668024', '', '', 0, 0, 0, 0, 0),
(164, 2, '', '0', 'script', '', '654189882', '', '', 0, 0, 0, 0, 0),
(165, 2, '', '0', '强记', '', '693146571', '', '', 0, 0, 0, 0, 0),
(166, 2, '', '0', '    【Rain】', '', '741187359', '', '', 0, 0, 0, 0, 0),
(167, 2, '', '0', 'TERRY', '', '752683590', '', '', 0, 0, 0, 0, 0),
(168, 2, '', '0', 'Sun Mage', '', '784862578', '', '', 0, 0, 0, 0, 0),
(169, 2, '', '0', '落星', '', '824079801', '', '', 0, 0, 0, 0, 0),
(170, 2, '', '0', 'Dark Li', '', '858587868', '', '', 0, 0, 0, 0, 0),
(171, 2, '', '0', '走起来', '', '871925574', '', '', 0, 0, 0, 0, 0),
(172, 2, '', '0', 'dustin', '', '896105520', '', '', 0, 0, 0, 0, 0),
(173, 2, '', '0', 'Charles', '', '909269903', '', '', 0, 0, 0, 0, 0),
(174, 2, '', '0', '紫泉夜', '', '934545863', '', '', 0, 0, 0, 0, 0),
(175, 2, '', '0', 'style', '', '965440974', '', '', 0, 0, 0, 0, 0),
(176, 2, '', '0', '上海-蓝悦', '', '974060448', '', '', 0, 0, 0, 0, 0),
(177, 1, '', '0', '学习中ember', '', '978563552', '', '', 0, 0, 0, 0, 0),
(178, 2, '', '0', 'Sky&Line', '', '979184890', '', '', 0, 0, 0, 0, 0),
(179, 2, '', '0', '木头', '', '980761931', '', '', 0, 0, 0, 0, 0),
(180, 2, '', '0', 'HOUOOP', '', '992412062', '', '', 0, 0, 0, 0, 0),
(181, 2, '', '0', 'veeki', '', '994726915', '', '', 0, 0, 0, 0, 0),
(182, 2, '', '0', 'cson', '', '1024062499', '', '', 0, 0, 0, 0, 0),
(183, 2, '', '0', '☑周裕波?忘记', '', '1076881151', '', '', 0, 0, 0, 0, 0),
(184, 2, '', '0', '月之轮回2009', '', '1093872817', '', '', 0, 0, 0, 0, 0),
(185, 2, '', '0', '杭州-jsor', '', '1239447879', '', '', 0, 0, 0, 0, 0),
(186, 2, '', '0', 'kennyluck', '', '1296340270', '', '', 0, 0, 0, 0, 0),
(187, 2, '', '0', '张鑫旭-上海', '', '1337854510', '', '', 0, 0, 0, 0, 0),
(188, 2, '', '0', 'ZodiacMa', '', '1417434498', '', '', 0, 0, 0, 0, 0),
(189, 2, '', '0', '小翼', '', '1420488496', '', '', 0, 0, 0, 0, 0),
(190, 2, '', '0', '岑安', '', '1482788981', '', '', 0, 0, 0, 0, 0),
(191, 2, '', '0', '诺小七', '', '1519976506', '', '', 0, 0, 0, 0, 0),
(192, 2, '', '0', 'sycal', '', '1641186359', '', '', 0, 0, 0, 0, 0),
(193, 2, '', '0', '司徒正美/mg', '', '1669866773', '', '', 0, 0, 0, 0, 0),
(194, 2, '', '0', '老赵', '', '1685889399', '', '', 0, 0, 0, 0, 0),
(195, 2, '', '0', 'abcd', '', '1730956117', '', '', 0, 0, 0, 0, 0),
(196, 2, '', '0', '磊', '', '2232116003', '', '', 0, 0, 0, 0, 0),
(197, 2, '', '0', '移动应用开发', '', '1792367908', '', '', 0, 0, 0, 0, 0),
(198, 2, '', '0', 'BJ-欢欢Stefan', '', '2353474046', '', '', 0, 0, 0, 0, 0),
(199, 2, '', '0', '梦想天空', '', '2673221870', '', '', 0, 0, 0, 0, 0),
(200, 1, '', '0', 'wolf_m', '', '1482174', '', '', 0, 0, 0, 0, 0),
(397, 1, '', '0', '长龙', '', '154090108', '', '', 0, 0, 0, 0, 0),
(202, 1, '', '0', '米莱iallai', '', '1134795', '', '', 0, 0, 0, 0, 0),
(203, 2, '', '0', '刺鳥', '', '4041990', '', '', 0, 0, 5, 0, 0),
(204, 1, '', '0', 'Koala', '', '6104651', '', '', 0, 0, 0, 0, 0),
(466, 1, '', '0', 'Maxpin', '', '16995580', '', '', 0, 0, 0, 0, 0),
(206, 1, '', '0', '要没时间了', '', '14193539', '', '', 0, 0, 0, 0, 0),
(207, 1, '', '0', '星尘无梦/wx', '', '25018238', '', '', 0, 0, 0, 0, 0),
(208, 1, '', '0', 'isS', '', '32227764', '', '', 0, 0, 0, 0, 0),
(396, 1, '', '0', 'akaash', '', '14965818', '', '', 0, 0, 0, 0, 0),
(210, 1, '', '0', '上海-jeff', '', '56652685', '', '', 0, 0, 0, 0, 0),
(213, 1, '', '0', '罕夕撒', '', '76376931', '', '', 0, 0, 0, 0, 0),
(214, 1, '', '0', '蜗眼', '', '82867904', '', '', 0, 0, 0, 0, 0),
(215, 1, '', '0', ' 鱼跃飞雪', '', '77642304', '', '', 0, 0, 0, 0, 0),
(390, 1, '', '0', '雨声', '', '1003570528', '', '', 0, 0, 0, 0, 0),
(217, 1, '', '0', 'Barry.Chen', '', '123756185', '', '', 0, 0, 0, 0, 0),
(218, 1, '', '0', 'lingyired', '', '124761101', '', '', 0, 0, 0, 0, 0),
(219, 1, '', '0', '_.._..__.._.._.._.....', '', '150090907', '', '', 0, 0, 0, 0, 0),
(220, 1, '', '0', '夜雨', '', '153187470', '', '', 0, 0, 0, 0, 0),
(221, 1, '', '0', '严格的猫妈妈', '', '156789754', '', '', 0, 0, 0, 0, 0),
(222, 1, '', '0', 'Bruce Yee', '', '173939539', '', '', 0, 0, 0, 0, 0),
(223, 1, '', '0', '夜幻/kf月影', '', '170026929', '', '', 0, 0, 0, 0, 0),
(224, 1, '', '0', '25', '', '234384019', '', '', 0, 0, 0, 0, 0),
(225, 1, '', '0', 'Ziv', '', '191879617', '', '', 0, 0, 0, 0, 0),
(226, 1, '', '0', '岁月静好', '', '252668974', '', '', 0, 0, 0, 0, 0),
(227, 1, '', '0', 'jieme', '', '252767053', '', '', 0, 0, 0, 0, 0),
(229, 1, '', '0', 'bighead', '', '283340171', '', '', 0, 0, 0, 0, 0),
(230, 1, '', '0', '55', '', '285290325', '', '', 0, 0, 0, 0, 0),
(231, 1, '', '0', '✿超超', '', '313691665', '', '', 0, 0, 0, 0, 0),
(232, 1, '', '0', '沈礼^_^', '', '296588820', '', '', 0, 0, 0, 0, 0),
(233, 1, '', '0', '木子', '', '316057476', '', '', 0, 0, 0, 0, 0),
(234, 1, '', '0', '海泪知己', '', '316254128', '', '', 0, 0, 0, 0, 0),
(235, 1, '', '0', 'RULES', '', '331251756', '', '', 0, 0, 0, 0, 0),
(395, 1, '', '0', '&玡宇&', '', '13458180', '', '', 0, 0, 0, 0, 0),
(237, 1, '', '0', 'arthinking', '', '351108013', '', '', 0, 0, 0, 0, 0),
(463, 1, '', '0', '小白', '', '1197745796', '', '', 0, 0, 0, 0, 0),
(239, 1, '', '0', '☊ 可惜の流年²º¹³', '', '381527417', '', '', 0, 0, 0, 0, 0),
(240, 1, '', '0', '我就是这样', '', '404521938', '', '', 0, 0, 0, 0, 0),
(241, 1, '', '0', 'Me', '', '407528992', '', '', 0, 0, 0, 0, 0),
(242, 1, '', '0', '人工智能', '', '408513276', '', '', 0, 0, 0, 0, 0),
(243, 1, '', '0', 'Yamelo', '', '443984702', '', '', 0, 0, 0, 0, 0),
(244, 1, '', '0', '(*^_^*)', '', '447206434', '', '', 0, 0, 0, 0, 0),
(245, 1, '', '0', '小e', '', '459072341', '', '', 0, 0, 0, 0, 0),
(246, 1, '', '0', 'Administrator', '', '464493582', '', '', 0, 0, 0, 0, 0),
(247, 1, '', '0', '盒子半生', '', '489509930', '', '', 0, 0, 0, 0, 0),
(248, 1, '', '0', 'neverstop²º¹³', '', '497819236', '', '', 0, 0, 0, 0, 0),
(249, 1, '', '0', '讲不出再见。', '', '540423724', '', '', 0, 0, 0, 0, 0),
(394, 1, '', '0', 'MISTERの725', '', '12725240', '', '', 0, 0, 0, 0, 0),
(251, 1, '', '0', '深圳(武汉)-荔枝', '', '569171010', '', '', 0, 0, 0, 0, 0),
(252, 1, '', '0', '1001', '', '572181678', '', '', 0, 0, 0, 0, 0),
(253, 1, '', '0', '郁郁葱葱', '', '595565110', '', '', 0, 0, 0, 0, 0),
(254, 1, '', '0', '二当家的', '', '598869621', '', '', 0, 0, 0, 0, 0),
(392, 1, '', '0', '小鑫', '', '1198263844', '', '', 0, 0, 0, 0, 0),
(256, 1, '', '0', 'jolin_べ', '', '611033043', '', '', 0, 0, 0, 0, 0),
(257, 1, '', '0', 'EvanTre', '', '625455600', '', '', 0, 0, 0, 0, 0),
(391, 1, '', '0', '杨', '', '1173290990', '', '', 0, 0, 0, 0, 0),
(259, 1, '', '0', 'Sweet', '', '626994287', '', '', 0, 0, 0, 0, 0),
(260, 1, '', '0', 'Hoogle', '', '675250896', '', '', 0, 0, 0, 0, 0),
(261, 1, '', '0', '老黑', '', '707181108', '', '', 0, 0, 0, 0, 0),
(262, 1, '', '0', '北京-小韩', '', '707297069', '', '', 0, 0, 0, 0, 0),
(263, 1, '', '0', '飞翔', '', '724719285', '', '', 0, 0, 0, 0, 0),
(264, 1, '', '0', '自由的灵魂', '', '740304676', '', '', 0, 0, 0, 0, 0),
(265, 1, '', '0', 'YOUNG_9', '', '756451181', '', '', 0, 0, 0, 0, 0),
(266, 1, '', '0', '上海-小兔', '', '772215542', '', '', 0, 0, 0, 0, 0),
(267, 1, '', '0', '@小熊@', '', '785178029', '', '', 0, 0, 0, 0, 0),
(268, 1, '', '0', '冰点', '', '851223969', '', '', 0, 0, 0, 0, 0),
(269, 1, '', '0', '阿米', '', '841878025', '', '', 0, 0, 0, 0, 0),
(270, 1, '', '0', '木首', '', '862288488', '', '', 0, 0, 0, 0, 0),
(271, 1, '', '0', '絡克', '', '908436244', '', '', 0, 0, 0, 0, 0),
(272, 1, '', '0', '深圳-时生', '', '913048823', '', '', 0, 0, 0, 0, 0),
(273, 1, '', '0', '魔坛', '', '985867294', '', '', 0, 0, 0, 0, 0),
(274, 1, '', '0', '❀ 加气质美眉Qq：179."932', '', '986487074', '', '', 0, 0, 0, 0, 0),
(275, 1, '', '0', '一斑', '', '1114658758', '', '', 0, 0, 0, 0, 0),
(276, 1, '', '0', '粥小跳°', '', '244298282', '', '', 0, 0, 0, 0, 0),
(464, 1, '', '0', '功夫熊猫', '', '1437652367', '', '', 0, 0, 0, 0, 0),
(278, 1, '', '0', '杭州-Vernsu', '', '289120944', '', '', 0, 0, 0, 0, 0),
(279, 1, '', '0', '兔子', '', '303924609', '', '', 0, 0, 0, 0, 0),
(280, 1, '', '0', '清泉石上流', '', '332318961', '', '', 0, 0, 0, 0, 0),
(281, 1, '', '0', '智足者富', '', '345272998', '', '', 0, 0, 0, 0, 0),
(282, 1, '', '0', 'messchapters', '', '362068342', '', '', 0, 0, 0, 0, 0),
(462, 1, '', '0', ' 武强', '', '112055730', '', '', 0, 0, 0, 0, 0),
(284, 1, '', '0', '晴天', '', '420557529', '', '', 0, 0, 0, 0, 0),
(285, 1, '', '0', '#我是#', '', '392928898', '', '', 0, 0, 0, 0, 0),
(286, 1, '', '0', '438802741', '', '438802741', '', '', 0, 0, 0, 0, 0),
(287, 1, '', '0', '萧晗', '', '447015507', '', '', 0, 0, 0, 0, 0),
(288, 1, '', '0', 'Thewei', '', '453866130', '', '', 0, 0, 1, 0, 0),
(289, 1, '', '0', '年年有余', '', '496625949', '', '', 0, 0, 0, 0, 0),
(290, 1, '', '0', 'T o p', '', '502529135', '', '', 0, 0, 0, 0, 0),
(291, 1, '', '0', '唛兜兜', '', '504806956', '', '', 0, 0, 0, 0, 0),
(292, 1, '', '0', '$@iceing$@', '', '516452159', '', '', 0, 0, 0, 0, 0),
(293, 1, '', '0', 'Z.Mofei', '', '544942465', '', '', 0, 0, 0, 0, 0),
(294, 1, '', '0', '哦。', '', '654393589', '', '', 0, 0, 0, 0, 0),
(295, 1, '', '0', 'BADI', '', '664701912', '', '', 0, 0, 0, 0, 0),
(296, 1, '', '0', '138_伟培', '', '712634821', '', '', 0, 0, 0, 0, 0),
(297, 1, '', '0', '也许', '', '838608468', '', '', 0, 0, 0, 0, 0),
(298, 1, '', '0', 'David', '', '910785208', '', '', 0, 0, 0, 0, 0),
(299, 1, '', '0', 'winter', '', '1012338063', '', '', 0, 0, 0, 0, 0),
(300, 1, '', '0', '罗幕轻寒', '', '1554418076', '', '', 0, 0, 0, 0, 0),
(301, 1, '', '0', '哈~', '', '1576691620', '', '', 0, 0, 0, 0, 0),
(302, 1, '', '0', '小熊', '', '2605690599', '', '', 0, 0, 0, 0, 0),
(303, 1, '', '0', '苦口可乐', '', '703053', '', '', 0, 0, 0, 0, 0),
(304, 1, '', '0', 'Zeux', '', '110187', '', '', 0, 0, 0, 0, 0),
(305, 1, '', '0', 'kaiye', '', '965496', '', '', 0, 0, 0, 0, 0),
(306, 1, '', '0', '114la杜强', '', '4126587', '', '', 0, 0, 0, 0, 0),
(307, 1, '', '0', 'aomm', '', '4055880', '', '', 0, 0, 0, 0, 0),
(308, 1, '', '0', '巴蒂', '', '4453106', '', '', 0, 0, 0, 0, 0),
(309, 1, '', '0', '点心', '', '17978106', '', '', 0, 0, 0, 0, 0),
(465, 1, '', '0', '飞船一号', '', '1514736553', '', '', 0, 0, 0, 0, 0),
(311, 1, '', '0', 'αj๑孨', '', '30563542', '', '', 0, 0, 0, 0, 0),
(312, 1, '', '0', ' ', '', '13530910', '', '', 0, 0, 0, 0, 0),
(313, 1, '', '0', '电动小马达~', '', '49929111', '', '', 0, 0, 0, 0, 0),
(314, 1, '', '0', '≮天之倒影≯', '', '65161269', '', '', 0, 0, 0, 0, 0),
(315, 1, '', '0', 'ZL', '', '71567506', '', '', 0, 0, 0, 0, 0),
(316, 1, '', '0', 'sakura', '', '75111221', '', '', 0, 0, 0, 0, 0),
(317, 1, '', '0', '灯火阑珊', '', '81594559', '', '', 0, 0, 0, 0, 0),
(318, 1, '', '0', 'Reg', '', '103298187', '', '', 0, 0, 0, 0, 0),
(319, 1, '', '0', '云中漫步', '', '115393304', '', '', 0, 0, 0, 0, 0),
(320, 1, '', '0', '包子', '', '79836300', '', '', 0, 0, 0, 0, 0),
(321, 1, '', '0', 'Flye', '', '153695666', '', '', 0, 0, 0, 0, 0),
(322, 1, '', '0', '寻寻道人', '', '118196979', '', '', 0, 0, 0, 0, 0),
(323, 1, '', '0', '似水流年', '', '170467809', '', '', 0, 0, 0, 0, 0),
(324, 1, '', '0', '音乐城邦', '', '287102009', '', '', 0, 0, 0, 0, 0),
(325, 1, '', '0', '徐威', '', '289370483', '', '', 0, 0, 0, 0, 0),
(326, 1, '', '0', '小小青青', '', '308776027', '', '', 0, 0, 0, 0, 0),
(327, 1, '', '0', 'Lolipop', '', '215098326', '', '', 0, 0, 0, 0, 0),
(328, 1, '', '0', '幸福追着我跑', '', '317213853', '', '', 0, 0, 0, 0, 0),
(329, 1, '', '0', '半兽人', '', '327341273', '', '', 0, 0, 0, 0, 0),
(330, 1, '', '0', '猪是的念来过倒', '', '340663148', '', '', 0, 0, 0, 0, 0),
(331, 1, '', '0', '等待', '', '262817214', '', '', 0, 0, 0, 0, 0),
(332, 1, '', '0', 'basecss²º¹³', '', '270842722', '', '', 0, 0, 0, 0, 0),
(333, 1, '', '0', '八月', '', '281287945', '', '', 0, 0, 0, 0, 0),
(334, 1, '', '0', 'Mr.Indigo', '', '283333237', '', '', 0, 0, 0, 0, 0),
(335, 1, '', '0', '海风', '', '250239016', '', '', 0, 0, 0, 0, 0),
(336, 1, '', '0', '夜月待香', '', '348259567', '', '', 0, 0, 0, 0, 0),
(337, 1, '', '0', '赵伟伟', '', '284454806', '', '', 0, 0, 0, 0, 0),
(338, 1, '', '0', '烟花烫', '', '360754583', '', '', 0, 0, 0, 0, 0),
(339, 1, '', '0', '松影', '', '372122358', '', '', 0, 0, 0, 0, 0),
(340, 1, '', '0', '老卢', '', '373756805', '', '', 0, 0, 0, 0, 0),
(341, 1, '', '0', 'Design', '', '398640599', '', '', 0, 0, 0, 0, 0),
(342, 1, '', '0', 'Actor', '', '442156594', '', '', 0, 0, 0, 0, 0),
(343, 1, '', '0', 'flymouse', '', '468200951', '', '', 0, 0, 0, 0, 0),
(344, 1, '', '0', '悔惜晟', '', '469184346', '', '', 0, 0, 0, 0, 0),
(346, 1, '', '0', 'Keen', '', '415502300', '', '', 0, 0, 0, 0, 0),
(347, 1, '', '0', '木头人', '', '510285534', '', '', 0, 0, 0, 0, 0),
(348, 1, '', '0', '雨弓', '', '512707890', '', '', 0, 0, 0, 0, 0),
(349, 1, '', '0', '神马', '', '497105892', '', '', 0, 0, 0, 0, 0),
(350, 1, '', '0', 'Hewj', '', '525808374', '', '', 0, 0, 0, 0, 0),
(351, 1, '', '0', '豆芽', '', '529655328', '', '', 0, 0, 0, 0, 0),
(352, 1, '', '0', '夏至', '', '514277125', '', '', 0, 0, 0, 0, 0),
(353, 1, '', '0', '蘑菇', '', '547754770', '', '', 0, 0, 0, 0, 0),
(354, 1, '', '0', '流泪鱼儿', '', '568853486', '', '', 0, 0, 0, 0, 0),
(355, 1, '', '0', '宁静致远', '', '574065029', '', '', 0, 0, 0, 0, 0),
(357, 1, '', '0', '實現承諾', '', '591487514', '', '', 0, 0, 0, 0, 0),
(358, 1, '', '0', 'Su9er', '', '599241285', '', '', 0, 0, 0, 0, 0),
(359, 1, '', '0', 'Joyce', '', '604957901', '', '', 0, 0, 0, 0, 0),
(360, 1, '', '0', '．▕莪佷杧゛', '', '785555823', '', '', 0, 0, 0, 0, 0),
(361, 1, '', '0', '牛奶咖啡', '', '792207024', '', '', 0, 0, 0, 0, 0),
(362, 1, '', '0', '明日日月明', '', '844214607', '', '', 0, 0, 0, 0, 0),
(363, 1, '', '0', 'Aileen ', '', '857593182', '', '', 0, 0, 0, 0, 0),
(364, 1, '', '0', 'DINO', '', '904591031', '', '', 0, 0, 0, 0, 0),
(365, 1, '', '0', 'im007boy', '', '910362929', '', '', 0, 0, 0, 0, 0),
(366, 1, '', '0', '麦子', '', '913773783', '', '', 0, 0, 0, 0, 0),
(367, 1, '', '0', 'Mr.Worldwide', '', '919899931', '', '', 0, 0, 0, 0, 0),
(368, 1, '', '0', '广州-美橙儿', '', '951628318', '', '', 0, 0, 0, 0, 0),
(369, 1, '', '0', '五号', '', '1017890677', '', '', 0, 0, 0, 0, 0),
(370, 1, '', '0', 'WCBTF', '', '1028263596', '', '', 0, 0, 0, 0, 0),
(372, 1, '', '0', 'belive', '', '1245997972', '', '', 0, 0, 0, 0, 0),
(373, 1, '', '0', 'about:blank', '', '1290388696', '', '', 0, 0, 0, 0, 0),
(374, 1, '', '0', '阳建南', '', '1577172590', '', '', 0, 0, 0, 0, 0),
(376, 1, '', '0', '闪溜是一把式', '', '364184', '', '', 0, 0, 0, 0, 0),
(377, 1, '', '0', '任我游', '', '2544882', '', '', 0, 0, 0, 0, 0),
(378, 1, '', '0', '左岸', '', '5382862', '', '', 0, 0, 0, 0, 0),
(379, 1, '', '0', 'Arthur.', '', '12278984', '', '', 0, 0, 0, 0, 0),
(380, 1, '', '0', '余洋.ACM', '', '9978707', '', '', 0, 0, 0, 0, 0),
(381, 1, '', '0', '一了吉木', '', '21015798', '', '', 0, 0, 0, 0, 0),
(382, 1, '', '0', '杨先生', '', '63658598', '', '', 0, 0, 0, 0, 0),
(383, 1, '', '0', 'Joe', '', '75828040', '', '', 0, 0, 0, 0, 0),
(385, 1, '', '0', '森森·嗷嗷', '', '99412240', '', '', 0, 0, 0, 0, 0),
(386, 1, '', '0', '风尘浪子', '', '147987562', '', '', 0, 0, 0, 0, 0),
(387, 1, 'QQ', '6C4963938CDD3528C71A42E7B4903BA4', 'Feenan', 'http://qzapp.qlogo.cn/qzapp/100403953/6C4963938CDD3528C71A42E7B4903BA4/100', '151481184', 'http://www.cnblogs.com/xuwenmin888/', '爱tina、爱code', 0, 0, 0, 0, 0),
(388, 1, '', '0', '任浩', '', '122085146', '', '', 0, 0, 0, 0, 0),
(389, 1, '', '0', 'zoogle', '', '215098516', '', '', 0, 0, 0, 0, 0),
(399, 1, '', '0', ' Garfield ', '', '156833246', '', '', 0, 0, 0, 0, 0),
(400, 1, '', '0', '中国政务论坛', '', '1628354540', '', '', 0, 0, 0, 0, 0),
(401, 1, '', '0', 'kivill', '', '1654417635', '', '', 0, 0, 0, 0, 0),
(402, 1, '', '0', '莫失莫忘', '', '16953812', '', '', 0, 0, 0, 0, 0),
(403, 1, '', '0', 'Jack@牧牛座', '', '17541313', '', '', 0, 0, 0, 0, 0),
(404, 1, '', '0', '摩帆士', '', '1805767248', '', '', 0, 0, 0, 0, 0),
(405, 1, '', '0', '偏执的小女人 ', '', '2233740469', '', '', 0, 0, 0, 0, 0),
(406, 1, '', '0', 'conan', '', '234123806', '', '', 0, 0, 0, 0, 0),
(407, 1, '', '0', '林中白狼', '', '244036090', '', '', 0, 0, 0, 0, 0),
(408, 1, '', '0', '一个人···', '', '250533205', '', '', 0, 0, 0, 0, 0),
(409, 1, '', '0', '哇当当', '', '254151796', '', '', 0, 0, 0, 0, 0),
(411, 1, '', '0', '远行的蜗牛', '', '262126991', '', '', 0, 0, 0, 0, 0),
(412, 1, '', '0', '开心果', '', '273369925', '', '', 0, 0, 0, 0, 0),
(413, 1, '', '0', '顾丶小末', '', '274122598', '', '', 0, 0, 1, 0, 0),
(414, 1, '', '0', 'PY', '', '280246025', '', '', 0, 0, 0, 0, 0),
(415, 1, '', '0', '鹿鸣', '', '289007183', '', '', 0, 0, 0, 0, 0),
(416, 1, '', '0', '【北京】尧盈', '', '295447642', '', '', 0, 0, 0, 0, 0),
(417, 1, '', '0', '风逐蓝天', '', '31946700', '', '', 0, 0, 0, 0, 0),
(418, 1, '', '0', ' 、心疲惫。。', '', '342819075', '', '', 0, 0, 0, 0, 0),
(419, 1, '', '0', '地瓜Love土豆', '', '346928347', '', '', 0, 0, 0, 0, 0),
(421, 1, '', '0', '~(*_*)~', '', '361743360', '', '', 0, 0, 0, 0, 0),
(422, 1, '', '0', '德煒', '', '373381593', '', '', 0, 0, 0, 0, 0),
(423, 1, '', '0', '菱薇', '', '396556709', '', '', 0, 0, 0, 0, 0),
(424, 2, '', '0', '浩明1999', '', '398791472', '', '', 0, 0, 0, 0, 0),
(425, 1, '', '0', 'Cassie', '', '414063753', '', '', 0, 0, 0, 0, 0),
(426, 1, '', '0', '无枫', '', '4199545', '', '', 0, 0, 0, 0, 0),
(427, 1, '', '0', '心动不如行动', '', '4272002', '', '', 0, 0, 0, 0, 0),
(428, 2, '', '0', '自由的鱼', '', '44422921', '', '', 0, 0, 0, 0, 0),
(429, 1, '', '0', '风过叶落', '', '448395708', '', '', 0, 0, 0, 0, 0),
(430, 1, '', '0', '厦门-大山', '', '462553390', '', '', 0, 0, 0, 0, 0),
(431, 1, '', '0', '啊啦', '', '464174511', '', '', 0, 0, 0, 0, 0),
(432, 1, '', '0', '。。。', '', '464989056', '', '', 0, 0, 0, 0, 0),
(433, 1, '', '0', '465801319', '', '465801319', '', '', 0, 0, 0, 0, 0),
(434, 1, '', '0', '蜗牛', '', '503149253', '', '', 0, 0, 0, 0, 0),
(435, 1, '', '0', '宿醉', '', '530919202', '', '', 0, 0, 0, 0, 0),
(436, 1, '', '0', '灬 揚丶', '', '545502032', '', '', 0, 0, 0, 0, 0),
(437, 1, '', '0', 'XguoX', '', '576386151', '', '', 0, 0, 0, 0, 0),
(438, 1, '', '0', '自由自在o8o2', '', '583502597', '', '', 0, 0, 0, 0, 0),
(439, 1, '', '0', '陈琛', '', '591268144', '', '', 0, 0, 0, 0, 0),
(440, 1, '', '0', '小小菜鸟', '', '705523636', '', '', 0, 0, 0, 0, 0),
(441, 1, '', '0', '独孤影', '', '706639632', '', '', 0, 0, 0, 0, 0),
(442, 1, '', '0', '蜗牛', '', '709556550', '', '', 0, 0, 0, 0, 0),
(443, 1, '', '0', '麦田的守望者', '', '710491936', '', '', 0, 0, 1, 0, 0),
(444, 1, '', '0', '2011我们的歌', '', '728970705', '', '', 0, 0, 0, 0, 0),
(445, 1, '', '0', '梓羿 ', '', '740440213', '', '', 0, 0, 0, 0, 0),
(446, 1, '', '0', 'ni', '', '747259552', '', '', 0, 0, 0, 0, 0),
(447, 1, '', '0', '亦久亦旧 #  ', '', '775710828', '', '', 0, 0, 0, 0, 0),
(448, 1, '', '0', '没有再  怕 的 ', '', '844251288', '', '', 0, 0, 0, 0, 0),
(449, 1, '', '0', '痞子丶陈', '', '84478883', '', '', 0, 0, 0, 0, 0),
(450, 1, '', '0', '兔子', '', '85345603', '', '', 0, 0, 0, 0, 0),
(451, 1, '', '0', '{@堇年}', '', '85358030', '', '', 0, 0, 0, 0, 0),
(461, 2, '', '0', '飘零雾雨', '', '104589226', '', '', 0, 0, 0, 0, 0),
(453, 1, '', '0', 'τ．_bugIe6°', '', '85743936', '', '', 0, 0, 0, 0, 0),
(454, 1, '', '0', 'daabin', '', '867978371', '', '', 0, 0, 0, 0, 0),
(455, 2, '', '0', '程序猿小卡', '', '906079358', '', '', 0, 0, 0, 0, 0),
(456, 1, '', '0', '北京-cheney', '', '920934842', '', '', 0, 0, 0, 0, 0),
(457, 1, '', '0', '︶ㄣ一个人的精彩', '', '969383776', '', '', 0, 0, 0, 0, 0),
(458, 1, '', '0', '大块头', '', '978736387', '', '', 0, 0, 0, 0, 0),
(459, 1, '', '0', ' 似火年華っ', '', '982748666', '', '', 0, 0, 0, 0, 0),
(460, 1, '', '0', '璟', '', '99286615', '', '', 0, 0, 0, 0, 0),
(467, 1, '', '0', 'null', '', '184565673', '', '', 0, 0, 0, 0, 0),
(468, 1, '', '0', 'Kainy', '', '20202263', '', '', 0, 0, 0, 0, 0),
(469, 1, '', '0', 'PandaGIS', '', '2468405038', '', '', 0, 0, 0, 0, 0),
(470, 1, '', '0', '陌づ', '', '25977766', '', '', 0, 0, 0, 0, 0),
(471, 1, '', '0', 'Gideon', '', '27439425', '', '', 0, 0, 0, 0, 0),
(472, 1, '', '0', '杭州-灵月', '', '278554029', '', '', 0, 0, 0, 0, 0),
(473, 1, '', '0', 'Peter.Zheng', '', '283419767', '', '', 0, 0, 0, 0, 0),
(474, 2, '', '0', 'sanshi', '', '30372245', '', '', 0, 0, 1, 0, 0),
(475, 1, '', '0', '小贝', '', '314110753', '', '', 0, 0, 0, 0, 0),
(476, 1, '', '0', 'ξ..命运ing.', '', '329784240', '', '', 0, 0, 0, 0, 0),
(477, 2, '', '0', '阮一峰-上海', '', '330035359', '', '', 0, 0, 0, 0, 0),
(478, 1, '', '0', '陌', '', '369441319', '', '', 0, 0, 0, 0, 0),
(479, 1, '', '0', '喜欢阳光', '', '399294317', '', '', 0, 0, 0, 0, 0),
(480, 1, '', '0', '嘟凡子', '', '449809492', '', '', 0, 0, 0, 0, 0),
(481, 1, '', '0', 'ABpasser', '', '463452529', '', '', 0, 0, 0, 0, 0),
(482, 1, '', '0', '店小二', '', '499530526', '', '', 0, 0, 0, 0, 0),
(483, 1, '', '0', '给力山大-包', '', '516277337', '', '', 0, 0, 0, 0, 0),
(484, 1, '', '0', 'ヤDreamう', '', '543070621', '', '', 0, 0, 0, 0, 0),
(485, 1, '', '0', '香草天空', '', '546435', '', '', 0, 0, 0, 0, 0),
(486, 1, '', '0', '-￥红叶飘飘-', '', '568388916', '', '', 0, 0, 0, 0, 0),
(487, 1, '', '0', 'whatever', '', '603349287', '', '', 0, 0, 0, 0, 0),
(488, 1, '', '0', '德艺双馨佟开心 (￣▽￣)', '', '61700541', '', '', 0, 0, 0, 0, 0),
(489, 1, '', '0', 'UEDesigner', '', '649063451', '', '', 0, 0, 0, 0, 0),
(490, 1, '', '0', '余锋', '', '693200439', '', '', 0, 0, 0, 0, 0),
(491, 1, '', '0', 'DA-Z', '', '694760450', '', '', 0, 0, 0, 0, 0),
(492, 1, '', '0', '732779309', '', '732779309', '', '', 0, 0, 0, 0, 0),
(493, 1, '', '0', '︶ㄣQ', '', '742317370', '', '', 0, 0, 0, 0, 0),
(494, 1, '', '0', 'King', '', '798757301', '', '', 0, 0, 0, 0, 0),
(495, 1, '', '0', '陨桅', '', '970517184', '', '', 0, 0, 0, 0, 0),
(497, 1, '0', '0', '240', 'http://zp.zuixiami.com/app/Tpl/Home/default/Public/images/uheader.jpg', '673344346', '0', '0', 0, 0, 0, 0, 1385639998),
(499, 0, 'QQ', 'B5A4FE1856CFF317C9E50C5007C241CD', '水聚云合', 'http://qzapp.qlogo.cn/qzapp/100403953/B5A4FE1856CFF317C9E50C5007C241CD/100', '270797652', 'http://0', '0', 0, 0, 0, 0, 0),
(500, 0, 'QQ', '6987161DF3C1B0588835CCAB8E926D8A', 'Igin', 'http://qzapp.qlogo.cn/qzapp/100403953/6987161DF3C1B0588835CCAB8E926D8A/100', '673344346', 'http://blog.csdn.net/cuixiping', '前端老菜鸟，后端也搞搞', 0, 0, 0, 0, 0);

-- --------------------------------------------------------

--
-- 表的结构 `xiami_user_action`
--

CREATE TABLE IF NOT EXISTS `xiami_user_action` (
  `id` bigint(20) NOT NULL AUTO_INCREMENT,
  `module` varchar(100) NOT NULL COMMENT '模块',
  `mtype` varchar(100) NOT NULL COMMENT '类型',
  `mid` int(11) NOT NULL COMMENT '模块ID',
  `user_id` int(11) NOT NULL COMMENT '用户ID',
  `value` varchar(20) NOT NULL COMMENT '值',
  `ip` varchar(100) NOT NULL COMMENT '当前IP',
  `addtime` int(10) NOT NULL COMMENT '当前时间',
  PRIMARY KEY (`id`)
) ENGINE=MyISAM  DEFAULT CHARSET=utf8 COMMENT='用户操作暂用于赞/期待/rank' AUTO_INCREMENT=213 ;

--
-- 转存表中的数据 `xiami_user_action`
--

INSERT INTO `xiami_user_action` (`id`, `module`, `mtype`, `mid`, `user_id`, `value`, `ip`, `addtime`) VALUES
(1, 'Qun_member', 'await', 107, 0, '', '124.160.29.190', 1363330284),
(2, 'Works', 'good', 123, 72, '', '175.43.62.74', 1363330920),
(3, 'Works', 'good', 100, 72, '', '175.43.62.74', 1363330927),
(4, 'Qun_member', 'await', 62, 72, '', '175.43.62.74', 1363330951),
(5, 'Works', 'good', 88, 72, '', '175.43.62.74', 1363330955),
(6, 'Works', 'good', 51, 0, '', '124.160.29.190', 1363331628),
(7, 'Works', 'good', 61, 0, '', '124.160.29.190', 1363331655),
(8, 'Works', 'good', 75, 0, '', '210.13.211.218', 1363331972),
(9, 'Works', 'good', 91, 0, '', '113.107.7.26', 1363331996),
(10, 'Works', 'good', 87, 0, '', '119.139.175.81', 1363332019),
(11, 'Works', 'good', 69, 0, '', '114.222.169.162', 1363332495),
(12, 'Works', 'good', 117, 0, '', '183.246.21.199', 1363332500),
(13, 'Works', 'good', 117, 0, '', '59.174.70.142', 1363332708),
(14, 'Works', 'good', 88, 0, '', '113.247.57.109', 1363334582),
(15, 'Works', 'good', 80, 0, '', '180.111.111.87', 1363335248),
(16, 'Works', 'good', 126, 107, '', '124.160.29.190', 1363340768),
(17, 'Works', 'good', 88, 0, '', '106.2.228.254', 1363342769),
(18, 'Works', 'good', 100, 0, '', '106.2.228.254', 1363342777),
(19, 'Works', 'good', 82, 0, '', '106.2.228.254', 1363342786),
(20, 'Works', 'good', 125, 0, '', '124.193.184.2', 1363344368),
(21, 'Works', 'good', 84, 0, '', '118.120.220.125', 1363347986),
(22, 'Works', 'good', 123, 0, '', '114.245.231.105', 1363355033),
(23, 'Works', 'good', 126, 0, '', '116.28.20.236', 1363357125),
(24, 'Works', 'good', 123, 0, '', '113.107.205.39', 1363609681),
(25, 'Works', 'good', 117, 0, '', '124.202.191.223', 1363611709),
(26, 'Works', 'good', 126, 0, '', '183.235.249.203', 1363615851),
(27, 'Qun_member', 'await', 203, 0, '', '218.1.19.26', 1363668453),
(28, 'Works', 'good', 125, 0, '', '192.168.7.208', 1363671256),
(29, 'Qun_member', 'await', 203, 0, '', '218.85.143.110', 1363671903),
(30, 'Qun_member', 'await', 203, 0, '', '59.174.70.142', 1363672246),
(31, 'Works', 'good', 93, 0, '', '121.14.96.125', 1363674223),
(32, 'Works', 'good', 93, 0, '', '112.95.138.22', 1363674225),
(33, 'Works', 'good', 91, 0, '', '27.154.58.130', 1363845870),
(34, 'Works', 'good', 97, 0, '', '27.154.58.130', 1363845881),
(35, 'Works', 'good', 126, 0, '', '60.176.47.66', 1364114914),
(36, 'Qun_member', 'await', 62, 0, '', '175.0.172.168', 1364271234),
(37, 'Qun_member', 'await', 62, 68, '', '120.42.91.121', 1364277292),
(38, 'Works', 'good', 130, 0, '', '113.88.155.42', 1364281289),
(39, 'Works', 'good', 126, 0, '', '61.131.11.23', 1364305639),
(40, 'Works', 'good', 126, 0, '', '183.235.249.72', 1364311313),
(41, 'Qun_member', 'await', 62, 0, '', '124.160.29.190', 1364351256),
(42, 'Works', 'good', 134, 0, '', '218.66.59.169', 1364355504),
(43, 'Works', 'good', 134, 0, '', '121.35.223.94', 1364357234),
(44, 'Works', 'good', 134, 0, '', '58.55.124.226', 1364360536),
(45, 'Works', 'good', 87, 0, '', '124.160.92.82', 1364371994),
(46, 'Works', 'good', 88, 0, '', '124.160.92.82', 1364372010),
(47, 'Works', 'good', 100, 0, '', '124.160.92.82', 1364372016),
(48, 'Works', 'good', 123, 0, '', '61.135.172.68', 1364376368),
(49, 'Works', 'good', 118, 0, '', '222.130.135.227', 1364377456),
(50, 'Works', 'good', 118, 0, '', '123.123.251.183', 1364377475),
(51, 'Works', 'good', 117, 0, '', '123.123.251.183', 1364377512),
(52, 'Works', 'good', 126, 0, '', '183.235.249.103', 1364395059),
(53, 'Works', 'good', 136, 286, '', '1.202.241.190', 1364459137),
(54, 'Works', 'good', 135, 286, '', '1.202.241.190', 1364459146),
(55, 'Works', 'good', 117, 0, '', '114.221.64.53', 1364530416),
(56, 'Qun_member', 'await', 413, 0, '', '222.46.22.168', 1364619699),
(57, 'Works', 'good', 137, 0, '', '10.74.142.242', 1364892581),
(58, 'Works', 'good', 135, 0, '', '10.74.142.242', 1364892656),
(59, 'Works', 'good', 135, 0, '', '124.228.195.64', 1364920568),
(60, 'Works', 'good', 135, 0, '', '124.228.195.67', 1364920683),
(61, 'Works', 'good', 134, 0, '', '58.55.124.228', 1364920687),
(62, 'Works', 'good', 134, 0, '', '124.228.195.64', 1364920690),
(63, 'Works', 'good', 137, 0, '', '124.228.195.64', 1364920710),
(64, 'Works', 'good', 135, 0, '', '124.228.195.66', 1364957985),
(65, 'Works', 'good', 134, 0, '', '58.55.124.227', 1364958000),
(66, 'Works', 'good', 117, 0, '', '211.151.238.51', 1364979917),
(67, 'Qun_member', 'await', 443, 0, '', '14.18.25.148', 1365080085),
(68, 'Works', 'good', 88, 0, '', '58.219.2.137', 1365383091),
(69, 'Works', 'good', 85, 0, '', '119.145.0.157', 1365398818),
(70, 'Works', 'good', 88, 62, '', '218.213.228.173', 1365472657),
(71, 'Works', 'good', 100, 62, '', '218.213.228.173', 1365472663),
(72, 'Works', 'good', 130, 62, '', '218.213.228.173', 1365472670),
(73, 'Qun_member', 'await', 62, 0, '', '211.103.188.86', 1365479879),
(74, 'Qun_member', 'await', 62, 0, '', '218.213.228.173', 1365480681),
(75, 'Works', 'good', 141, 0, '', '218.247.180.194', 1365481482),
(76, 'Works', 'good', 137, 0, '', '218.247.180.194', 1365481487),
(77, 'Works', 'good', 117, 0, '', '218.247.180.194', 1365481629),
(78, 'Works', 'good', 113, 0, '', '123.124.206.69', 1365483856),
(79, 'Works', 'good', 117, 0, '', '111.175.73.122', 1365730374),
(80, 'Works', 'good', 104, 0, '', '183.166.187.131', 1365742410),
(81, 'Works', 'good', 145, 28, '', '123.124.206.69', 1365750352),
(82, 'Works', 'good', 145, 0, '', '183.246.21.245', 1365754911),
(83, 'Works', 'good', 117, 0, '', '124.73.85.25', 1365784689),
(84, 'Works', 'good', 145, 0, '', '121.34.147.115', 1365925191),
(85, 'Works', 'good', 146, 0, '', '121.34.147.115', 1365927302),
(86, 'Works', 'good', 145, 0, '', '221.0.93.7', 1365988115),
(87, 'Works', 'good', 145, 0, '', '112.65.138.202', 1365988123),
(88, 'Works', 'good', 145, 0, '', '121.14.96.125', 1365990154),
(89, 'Works', 'good', 145, 0, '', '140.206.97.115', 1365991196),
(90, 'Works', 'good', 117, 0, '', '113.116.205.192', 1365991666),
(91, 'Works', 'good', 147, 28, '', '123.124.206.69', 1365991922),
(92, 'Works', 'good', 113, 0, '', '180.184.16.56', 1365992434),
(93, 'Works', 'good', 118, 0, '', '222.130.138.42', 1365992758),
(94, 'Works', 'good', 117, 0, '', '222.130.138.42', 1365992766),
(95, 'Works', 'good', 143, 0, '', '58.246.246.187', 1366026811),
(96, 'Works', 'good', 145, 0, '', '124.202.191.212', 1366031961),
(97, 'Works', 'good', 147, 28, '', '124.202.191.212', 1366032029),
(98, 'Works', 'good', 136, 28, '', '124.202.191.212', 1366032367),
(99, 'Works', 'good', 117, 0, '', '221.234.215.76', 1366122909),
(100, 'Works', 'good', 147, 0, '', '183.246.21.76', 1366256182),
(101, 'Works', 'good', 144, 0, '', '123.125.220.50', 1366341421),
(102, 'Works', 'good', 147, 0, '', '124.160.29.190', 1366365223),
(103, 'Works', 'good', 126, 0, '', '121.229.12.16', 1366381332),
(104, 'Works', 'good', 123, 0, '', '222.69.250.234', 1366555564),
(105, 'Qun_member', 'await', 203, 0, '', '59.174.69.32', 1367462836),
(106, 'Works', 'good', 123, 0, '', '101.69.163.144', 1367465898),
(107, 'Qun_member', 'await', 48, 0, '', '180.168.126.243', 1367820270),
(108, 'Works', 'good', 72, 28, '', '123.235.38.73', 1367849169),
(109, 'Works', 'good', 148, 0, '', '113.247.242.60', 1367979946),
(110, 'Works', 'good', 148, 0, '', '113.247.242.61', 1368077804),
(111, 'Works', 'good', 142, 0, '', '121.28.69.85', 1368174596),
(112, 'Works', 'good', 143, 0, '', '121.28.69.85', 1368174602),
(113, 'Works', 'good', 148, 0, '', '115.205.17.66', 1368200092),
(114, 'Works', 'good', 147, 0, '', '171.113.20.210', 1368277572),
(115, 'Works', 'good', 148, 0, '', '113.247.242.59', 1368460800),
(116, 'Works', 'good', 149, 28, '', '123.235.38.73', 1368541844),
(117, 'Works', 'good', 117, 0, '', '59.172.132.208', 1368546511),
(118, 'Works', 'good', 145, 0, '', '180.166.104.50', 1369131265),
(119, 'Works', 'good', 84, 0, '', '113.140.84.98', 1369401308),
(120, 'Works', 'good', 149, 0, '', '61.172.253.150', 1369877802),
(121, 'Qun_member', 'await', 203, 0, '', '180.166.109.193', 1369893963),
(122, 'Works', 'good', 130, 0, '', '180.166.109.193', 1369894001),
(123, 'Works', 'good', 74, 0, '', '203.156.203.34', 1369894478),
(124, 'Works', 'good', 117, 0, '', '111.175.74.35', 1369906706),
(125, 'Works', 'good', 73, 0, '', '113.247.242.61', 1370166116),
(126, 'Works', 'good', 117, 0, '', '58.210.35.50', 1370319831),
(127, 'Works', 'good', 83, 0, '', '218.75.123.171', 1370425555),
(128, 'Works', 'good', 149, 28, '', '123.124.206.69', 1370499438),
(129, 'Works', 'good', 73, 28, '', '123.124.206.69', 1370499456),
(130, 'Qun_member', 'await', 474, 0, '', '211.147.222.195', 1370511415),
(131, 'Works', 'good', 88, 0, '', '58.242.241.138', 1370614389),
(132, 'Works', 'good', 85, 0, '', '58.242.241.138', 1370614394),
(133, 'Works', 'good', 135, 0, '', '183.60.121.202', 1370659836),
(134, 'Works', 'good', 150, 0, '', '123.124.206.69', 1370759230),
(135, 'Qun_member', 'await', 28, 0, '', '58.242.242.76', 1371288712),
(136, 'Works', 'good', 156, 0, '', '61.157.135.141', 1371738510),
(137, 'Works', 'good', 156, 0, '', '110.186.32.22', 1372151264),
(138, 'Works', 'good', 154, 0, '', '110.186.32.22', 1372179984),
(139, 'Qun_member', 'await', 48, 0, '', '110.186.32.22', 1372180046),
(140, 'Works', 'good', 79, 0, '', '110.186.32.22', 1372180072),
(141, 'Qun_member', 'await', 35, 0, '', '110.186.32.22', 1372180216),
(142, 'Works', 'good', 149, 0, '', '110.186.32.22', 1372182569),
(143, 'Works', 'good', 163, 0, '', '27.17.141.123', 1372566109),
(144, 'Works', 'good', 162, 0, '', '27.17.141.123', 1372566115),
(145, 'Works', 'good', 137, 0, '', '183.13.28.211', 1372589944),
(146, 'Works', 'good', 156, 0, '', '218.88.132.70', 1372736877),
(147, 'Works', 'good', 162, 0, '', '171.216.57.69', 1372863991),
(148, 'Works', 'good', 149, 0, '', '221.12.175.78', 1372929436),
(149, 'Works', 'good', 79, 0, '', '221.12.175.78', 1372929495),
(150, 'Works', 'good', 171, 0, '', '183.238.52.247', 1373852633),
(151, 'Works', 'good', 169, 0, '', '183.238.52.247', 1373852639),
(152, 'Works', 'good', 100, 0, '', '183.61.71.100', 1373853776),
(153, 'Works', 'good', 171, 0, '', '183.61.71.105', 1373879424),
(154, 'Works', 'good', 170, 0, '', '183.61.71.105', 1373879434),
(155, 'Works', 'good', 147, 0, '', '121.204.200.185', 1373886603),
(156, 'Works', 'good', 173, 0, '', '60.225.209.187', 1373970827),
(157, 'Works', 'good', 173, 0, '', '180.168.49.186', 1374026434),
(158, 'Works', 'good', 174, 0, '', '180.168.49.186', 1374026465),
(159, 'Works', 'good', 123, 0, '', '121.8.107.106', 1374027994),
(160, 'Qun_member', 'await', 288, 0, '', '124.205.165.218', 1374028663),
(161, 'Works', 'good', 170, 0, '', '180.168.49.186', 1374054588),
(162, 'Works', 'good', 172, 0, '', '180.168.49.186', 1374055250),
(163, 'Works', 'good', 173, 0, '', '183.37.221.45', 1374055417),
(164, 'Works', 'good', 173, 0, '', '101.86.169.64', 1374060407),
(165, 'Works', 'good', 174, 0, '', '101.86.169.64', 1374060463),
(166, 'Works', 'good', 172, 0, '', '112.90.146.118', 1374155392),
(167, 'Works', 'good', 117, 0, '', '121.32.26.236', 1374202701),
(168, 'Works', 'good', 126, 0, '', '183.38.3.135', 1375255428),
(169, 'Works', 'good', 172, 0, '', '183.63.138.178', 1376554607),
(170, 'Works', 'good', 172, 0, '', '183.61.11.87', 1378088515),
(171, 'Works', 'good', 82, 0, '', '116.228.206.78', 1380076946),
(172, 'Works', 'good', 162, 0, '', '112.5.234.64', 1380356698),
(173, 'Works', 'good', 82, 0, '', '116.6.21.98', 1380941512),
(174, 'Works', 'good', 136, 0, '', '116.226.54.64', 1381035487),
(175, 'Works', 'good', 82, 0, '', '106.120.136.130', 1381565120),
(176, 'Works', 'good', 143, 0, '', '182.101.106.185', 1382280920),
(177, 'Works', 'good', 172, 0, '', '183.6.96.9', 1384874833),
(178, 'Works', 'good', 170, 0, '', '27.154.8.114', 1385459175),
(179, 'Works', 'rank', 136, 0, '40', '222.79.77.28', 1385537532),
(180, 'Works', 'rank', 117, 0, '35', '222.79.77.28', 1385537538),
(181, 'Works', 'rank', 75, 0, '35', '222.79.77.28', 1385537543),
(182, 'Works', 'rank', 117, 0, '40', '27.154.8.114', 1385546053),
(183, 'Works', 'good', 172, 0, '', '222.79.77.28', 1385546392),
(184, 'Works', 'good', 123, 0, '', '222.79.77.28', 1385621193),
(185, 'Works', 'good', 144, 0, '', '27.154.8.114', 1385622658),
(186, 'Works', 'good', 61, 0, '', '222.79.77.28', 1385627050),
(187, 'Works', 'good', 145, 0, '', '211.151.238.51', 1385628547),
(188, 'Works', 'good', 123, 0, '', '163.125.86.174', 1385628845),
(189, 'Works', 'rank', 89, 0, '45', '115.205.238.122', 1385628915),
(190, 'Works', 'good', 147, 0, '', '61.148.221.114', 1385629100),
(191, 'Works', 'good', 78, 0, '', '27.154.8.114', 1385630186),
(192, 'Works', 'good', 176, 0, '', '27.154.8.114', 1385630192),
(193, 'Works', 'good', 73, 0, '', '211.151.238.51', 1385630255),
(194, 'Works', 'good', 88, 0, '', '58.246.10.71', 1385630460),
(195, 'Works', 'good', 144, 0, '', '116.236.207.226', 1385630896),
(196, 'Works', 'good', 77, 0, '', '124.65.151.158', 1385632295),
(197, 'Works', 'good', 62, 0, '', '114.244.2.8', 1385634228),
(198, 'Works', 'good', 123, 0, '', '221.217.242.75', 1385634932),
(199, 'Works', 'good', 179, 0, '', '220.160.111.158', 1385636114),
(200, 'Works', 'good', 125, 0, '', '14.204.92.233', 1385638637),
(201, 'Works', 'rank', 147, 0, '40', '27.154.44.224', 1385691408),
(202, 'User', 'await', 28, 0, '', '221.226.182.106', 1385691701),
(203, 'Works', 'good', 61, 0, '', '221.217.242.75', 1385691787),
(204, 'Works', 'good', 172, 0, '', '1.202.225.10', 1385691936),
(205, 'Works', 'good', 172, 0, '', '115.205.237.171', 1385691953),
(206, 'User', 'await', 28, 0, '', '110.80.9.54', 1385692470),
(207, 'User', 'await', 28, 0, '', '219.143.15.78', 1385693635),
(208, 'User', 'await', 28, 0, '', '211.151.238.51', 1385697427),
(209, 'Works', 'good', 183, 0, '', '182.131.19.96', 1385705467),
(210, 'Works', 'good', 51, 0, '', '182.131.19.96', 1385706255),
(211, 'Works', 'good', 100, 0, '', '218.85.130.106', 1385967417),
(212, 'Works', 'good', 135, 0, '', '218.85.130.106', 1385971908);

-- --------------------------------------------------------

--
-- 表的结构 `xiami_website_log`
--

CREATE TABLE IF NOT EXISTS `xiami_website_log` (
  `id` int(11) NOT NULL AUTO_INCREMENT,
  `title` varchar(128) NOT NULL COMMENT '标题',
  `contents` text NOT NULL COMMENT '内容',
  `adduser` varchar(100) NOT NULL COMMENT '添加人',
  `addtime` int(10) NOT NULL DEFAULT '0' COMMENT '添加时间',
  PRIMARY KEY (`id`)
) ENGINE=MyISAM  DEFAULT CHARSET=utf8 COMMENT='网站更新日志' AUTO_INCREMENT=16 ;

--
-- 转存表中的数据 `xiami_website_log`
--

INSERT INTO `xiami_website_log` (`id`, `title`, `contents`, `adduser`, `addtime`) VALUES
(13, '标题', '内容', '0', 1359863495),
(14, '321323123219999', '<p>132321999</p>', '0', 1359863772);

-- --------------------------------------------------------

--
-- 表的结构 `xiami_works`
--

CREATE TABLE IF NOT EXISTS `xiami_works` (
  `id` int(11) NOT NULL AUTO_INCREMENT COMMENT '自增ID',
  `userid` int(11) NOT NULL DEFAULT '0' COMMENT '用户ID',
  `sortid` int(11) NOT NULL DEFAULT '0' COMMENT '分类ID对应works_sort表',
  `qun_sortid` int(11) NOT NULL DEFAULT '0' COMMENT '群分类对应qun_sort表',
  `name` varchar(100) NOT NULL DEFAULT '0' COMMENT '作品名称',
  `author` varchar(50) NOT NULL DEFAULT '0' COMMENT '作者',
  `url` varchar(200) NOT NULL DEFAULT '0' COMMENT '1.1用，1.2后废除地址',
  `demourl` varchar(255) NOT NULL DEFAULT '0' COMMENT '演示地址',
  `openurl` varchar(255) NOT NULL DEFAULT '0' COMMENT '开源地址',
  `img` varchar(200) NOT NULL DEFAULT '0' COMMENT '图片缩略图',
  `qq` varchar(20) NOT NULL DEFAULT '0' COMMENT 'qq',
  `description` text NOT NULL COMMENT '描述',
  `addtime` int(10) NOT NULL DEFAULT '0' COMMENT '申请时间',
  `checkuser` varchar(100) NOT NULL DEFAULT '0' COMMENT '审核人',
  `checktime` int(10) NOT NULL DEFAULT '0' COMMENT '审核时间',
  `is_top` tinyint(1) NOT NULL DEFAULT '0' COMMENT '是否推荐',
  `top_sid` int(11) NOT NULL DEFAULT '0' COMMENT '推荐排序',
  `good` bigint(20) NOT NULL DEFAULT '0' COMMENT '赞',
  `rank_total` bigint(20) NOT NULL DEFAULT '0' COMMENT '星级总评分',
  `rank_count` bigint(20) NOT NULL DEFAULT '0' COMMENT '星级评分总次数',
  `status` tinyint(1) NOT NULL DEFAULT '0' COMMENT '状态   1等待审核 2审核通过  3审核不通过  4回收站(用户删除)',
  PRIMARY KEY (`id`)
) ENGINE=MyISAM  DEFAULT CHARSET=utf8 COMMENT='作品列表' AUTO_INCREMENT=185 ;

--
-- 转存表中的数据 `xiami_works`
--

INSERT INTO `xiami_works` (`id`, `userid`, `sortid`, `qun_sortid`, `name`, `author`, `url`, `demourl`, `openurl`, `img`, `qq`, `description`, `addtime`, `checkuser`, `checktime`, `is_top`, `top_sid`, `good`, `rank_total`, `rank_count`, `status`) VALUES
(50, 25, 6, 2, '《css那些事儿》', '林小志', 'http://book.douban.com/subject/4117497/  ', 'http://book.douban.com/subject/4117497/  ', '0', 'http://zp.zuixiami.com/Uploads/20130313/ccb958d4a59960d195db880784cdc5a1.jpg', '12771346', '', 1360163072, 'zuixiami', 1360163072, 0, 0, 0, 0, 0, 2),
(51, 107, 15, 2, 'HoorayOS', '胡少睿', 'http://hoorayos.com', 'http://hoorayos.com', '0', 'http://zp.zuixiami.com/Uploads/20130313/e195f7008fe07fc8d1fcaf9bbfcfdf8d.png', '304327508', '这是一款 Web 桌面应用框架，你可以用它二次开发出类似 Q+Web 这类的桌面应用网站，也可以开发出适合各种项目的桌面管理系统。', 1360163571, 'zuixiami', 1360163571, 0, 0, 2, 0, 0, 2),
(52, 125, 6, 2, '《编写高质量前端代码》', '曹刘阳', 'http://book.douban.com/subject/4881987/ ', 'http://book.douban.com/subject/4881987/ ', '0', 'http://zp.zuixiami.com/Uploads/20130313/af684ef4e2075f2f686423e2b091539a.jpg', '381778429', '', 1360163845, 'zuixiami', 1360163845, 0, 0, 0, 0, 0, 2),
(54, 142, 7, 2, '《精彩绝伦的css》', '姬小光', 'http://book.douban.com/subject/10793898/ ', 'http://book.douban.com/subject/10793898/ ', '0', 'http://zp.zuixiami.com/Uploads/20130313/2388e92c92bfc0ac52b19c85e5e167f1.jpg', '492685841', '', 1360241282, 'zuixiami', 1360241282, 0, 0, 0, 0, 0, 2),
(55, 25, 4, 2, '小志的实验室', '林小志', 'http://lab.linxz.de/ ', 'http://lab.linxz.de/ ', '0', '', '12771346', '', 1360241442, 'zuixiami', 1360241442, 0, 0, 0, 0, 0, 2),
(56, 142, 4, 2, '44ux.com', '姬小光', 'http://44ux.com/', 'http://44ux.com/', '0', '', '492685841', '', 1360241677, 'zuixiami', 1360241677, 0, 0, 0, 0, 0, 2),
(57, 26, 7, 2, '《JavaScript编程精解》', '汤母大叔', 'http://book.douban.com/subject/19933548/ ', 'http://book.douban.com/subject/19933548/ ', '0', 'http://zp.zuixiami.com/Uploads/20130313/0ffbab002a102dde0e6fca41e5f395f1.jpg', '9246369', '<p><a href="http://www.cnblogs.com/TomXu/archive/2012/10/22/2733027.html" target="_blank">样章介绍1</a>；<a href="http://www.cnblogs.com/TomXu/archive/2011/12/15/2288411.html" target="_blank">样章介绍2</a></p><p><br /></p>', 1360241885, 'zuixiami', 1360241885, 0, 0, 0, 0, 0, 2),
(58, 8, 6, 2, '《WEB标准设计》', '嗷嗷', 'http://book.douban.com/subject/3327829/ ', 'http://book.douban.com/subject/3327829/ ', '0', 'http://zp.zuixiami.com/Uploads/20130313/3615818d9498d8306cf54e44de3a81af.jpg', '2222342', '', 1360242716, 'zuixiami', 1360242716, 0, 0, 0, 0, 0, 2),
(59, 161, 7, 2, '《基于MVC的JavaScript Web 富应用开发》', '拔赤', 'http://book.douban.com/subject/6397064/', 'http://book.douban.com/subject/6397064/', '0', 'http://zp.zuixiami.com/Uploads/20130313/dc0062c93dcb6fdf4cf875ae707285bc.jpg', '631892577', '', 1360243829, 'zuixiami', 1360243829, 0, 0, 0, 0, 0, 2),
(60, 103, 2, 2, 'CSS3 蒲公英', '龙', 'http://blog.sina.com.cn/s/blog_74d6cedd01013x6r.html', 'http://blog.sina.com.cn/s/blog_74d6cedd01013x6r.html', '0', 'http://zp.zuixiami.com/Uploads/20130313/fc0894584ed449228590c983ff89a2fc.png', '287019674', '', 1360244958, 'zuixiami', 1360244958, 0, 0, 0, 0, 0, 2),
(61, 103, 9, 2, 'css3 四叶草，水草，玻璃瓶', '龙', 'http://blog.sina.com.cn/s/blog_74d6cedd01011th7.html ', 'http://blog.sina.com.cn/s/blog_74d6cedd01011th7.html ', '0', 'http://zp.zuixiami.com/Uploads/20130313/b9e16d35d80a0248b4996c3ec84619f1.png', '287019674', '', 1360245385, 'zuixiami', 1360245385, 0, 0, 3, 0, 0, 2),
(62, 103, 9, 2, 'css3PPT', '龙', 'http://long.alloyteam.com/test/html5_ppt/ppt.html ', 'http://long.alloyteam.com/test/html5_ppt/ppt.html ', '0', 'http://zp.zuixiami.com/Uploads/20130313/9edfb48ee1be1d895a71587cd4e63529.png', '287019674', '', 1360245991, 'zuixiami', 1360245991, 0, 0, 1, 0, 0, 2),
(63, 14, 10, 2, '破锣锅个人作品', '破锣锅', 'https://github.com/paulguo', 'https://github.com/paulguo', '0', 'http://zp.zuixiami.com/Uploads/20130313/29b5505fdf702c34a34cf3336e9088c4.png', '5836240', '', 1360246577, 'zuixiami', 1360246577, 0, 0, 0, 0, 0, 2),
(69, 14, 10, 2, '用In.js颗粒化管理、加载你的Javascript模块', '破锣锅', 'http://project.benben.cc/In/', 'http://project.benben.cc/In/', '0', 'http://zp.zuixiami.com/Uploads/20130313/25db6c967dfb91a4192da07e64c9bff8.png', '5836240', '', 1360764488, 'zuixiami', 1360764488, 0, 0, 1, 0, 0, 2),
(67, 221, 0, 1, '异步同步函数混合队列 Queue', '', 'https://github.com/kiddkai/Wheel/tree/master/Queue', 'https://github.com/kiddkai/Wheel/tree/master/Queue', '0', '', '156789754', 'Promise嘛，无意中做出来的', 1360256281, 'zuixiami', 1360320449, 0, 0, 0, 0, 0, 2),
(70, 136, 10, 2, 'web app开发引擎', 'gdy', 'http://webtop.alloyteam.com/', 'http://webtop.alloyteam.com/', '0', 'http://zp.zuixiami.com/Uploads/20130313/9b4f02d7f1a53da748323d718caa8316.png', '446741501', '', 1360768717, 'zuixiami', 1360768717, 0, 0, 0, 0, 0, 2),
(71, 148, 10, 2, 'javascript对话框-artDialog', '糖饼', 'http://www.planeart.cn/?p=865', 'http://www.planeart.cn/?p=865', '0', 'http://zp.zuixiami.com/Uploads/20130313/f1ebb2fecde2d51a1d6f699f3685907f.png', '524533090', '', 1360816815, 'zuixiami', 1360816815, 0, 0, 0, 0, 0, 2),
(72, 75, 10, 2, 'html5 幻灯片', '勾三股四', 'http://jinjiang.github.com/h5slides/', 'http://jinjiang.github.com/h5slides/', '0', 'http://zp.zuixiami.com/Uploads/20130313/4be3f9960ea9f7c8c05cbb642e41a493.png', '110698041', '', 1360817941, 'zuixiami', 1360817941, 0, 0, 1, 0, 0, 2),
(73, 40, 3, 2, '植物大战僵尸js版本', 'LonelyStar  (辣妈)', 'http://www.lonelystar.org/', 'http://www.lonelystar.org/', '0', 'http://zp.zuixiami.com/Uploads/20130313/b89dbd4ba97c7da3e097c1bcf0c01c6f.png', '21970798', '', 1360830852, 'zuixiami', 1360830852, 0, 0, 3, 0, 0, 2),
(74, 35, 16, 2, '前端辅助工具', '鬼森林', 'http://www.cssforest.org/blog/index.php?s=download', 'http://www.cssforest.org/blog/index.php?s=download', '0', 'http://zp.zuixiami.com/Uploads/20130313/59f0fdabd686ee7bd6966730fac48d46.png', '22168741', '', 1360832297, 'zuixiami', 1360832297, 0, 0, 1, 0, 0, 2),
(75, 17, 3, 2, 'cocos2d-html5', '沙迦', 'http://www.cocos2d-x.org/projects/cocos2d-x/wiki/Cocos2d-html5', 'http://www.cocos2d-x.org/projects/cocos2d-x/wiki/Cocos2d-html5', '0', 'http://zp.zuixiami.com/Uploads/20130313/0bfbcbe6347c95c61a0fed198b47c1cc.png', '7599433', '', 1360832790, 'zuixiami', 1360832790, 0, 0, 1, 35, 1, 2),
(76, 144, 10, 2, 'Js/Html/Css Toolkit ', 'Welefen Lee', 'http://www.flkit.org/', 'http://www.flkit.org/', '0', 'http://zp.zuixiami.com/Uploads/20130313/bd33effe6ba985fd3bc422137bf44474.png', '499979038', '<p>Fl是一款高性能支持模版语法(如：Smarty)的Js/Html/Css处理工具，支持编码规范检测、代码美化、压缩、XSS漏洞自动修复等各种功能。 使用Fl可以很好的解决团队内编码规范、WEB安全、性能优化等问题</p>', 1360833872, 'zuixiami', 1360833872, 0, 0, 0, 0, 0, 2),
(77, 83, 3, 2, 'easy.js 一个简洁的 JavaScript 库', '雨夜带刀 ', 'https://github.com/chenmnkken/easyjs', 'https://github.com/chenmnkken/easyjs', '0', '', '156004628', '<p><span style="color:#333333;font-family:helvetica, arial, freesans, clean, sans-serif;font-size:14px;line-height:22px;background-color:#ffffff;">模块化的 JavaScript 时代已经到来，easy.js 在保持了 jQuery 式的简洁易用的 API 设计风格的同时，同时也集成了模块加载器。模块式的开发可以更好的组织代码，实现按需使用，配合上 eays.js 灵活的 DOM 操作的封装以及语言上的扩展，让开发者可以专注于解决实际业务需求的模块开发。</span></p>', 1360837238, 'zuixiami', 1360837238, 0, 0, 1, 0, 0, 2),
(78, 0, 10, 2, 'qwrap', '月影、屈屈等', 'https://github.com/wedteam/qwrap', 'https://github.com/wedteam/qwrap', '0', '', '', '<p><span style="color:#333333;font-family:helvetica, arial, freesans, clean, sans-serif;font-size:14px;line-height:22px;background-color:#ffffff;">QWrap是百度有啊前端团队推出的一个javascript框架，在BSD协议下开源发布</span></p>', 1360838209, 'zuixiami', 1360838209, 0, 0, 1, 0, 0, 2),
(79, 48, 11, 2, 'SeaJS', '玉伯（射雕）', 'https://github.com/seajs/seajs', 'https://github.com/seajs/seajs', '0', '', '40214639', '<p>SeaJS is a module loader for the web. It is designed to change the way that you organize JavaScript. With SeaJS, it is pleasure to build cool web applications.</p>', 1360838454, 'zuixiami', 1360838454, 0, 0, 2, 0, 0, 2),
(80, 164, 9, 2, '使用css3绘制企鹅', 'script', 'http://www.alloyteam.com/author/aishenhu/', 'http://www.alloyteam.com/author/aishenhu/', '0', 'http://zp.zuixiami.com/Uploads/20130313/4def3bb8349b6f46e739b802976b121c.png', '654189882', '', 1360838657, 'zuixiami', 1360838657, 0, 0, 1, 0, 0, 2),
(81, 0, 8, 2, 'css3库', 'Alloyteam', 'http://css3lib.alloyteam.com', 'http://css3lib.alloyteam.com', '0', 'http://zp.zuixiami.com/Uploads/20130313/d9afcce0045ea36d6ea1c708fabf5deb.png', '', '', 1360840361, 'zuixiami', 1360840361, 0, 0, 0, 0, 0, 2),
(82, 62, 8, 2, 'CSS3案例', '大漠', 'http://www.w3cplus.com/demos/list.html', 'http://www.w3cplus.com/demos/list.html', '0', 'http://www.w3cplus.com/sites/default/files/styles/print_image/public/source/css3-web-design-examples.jpg', '81059347', '在CSS3案例专栏中，整理了117个CSS3方面的案例，这些案例都提供了DEMO展示，源码下载。最难得的是，这些DEMO效果大部分都是根据国外的一设计网站下载来的UI设计图，然后我们将设计转换成CSS3代码，为大家展现。同时也搜集了一些国外优秀的CSS3 DEMO效果。', 1360842246, 'zuixiami', 1360842246, 0, 0, 4, 0, 0, 2),
(83, 13, 3, 2, '查查吧', '于涛', 'http://sz.chachaba.com', 'http://sz.chachaba.com', '0', 'http://zp.zuixiami.com/Uploads/20130313/0bc6f0d2c827b048bf8540a2f84d6cda.png', '4765078', '', 1360842420, 'zuixiami', 1360842420, 0, 0, 1, 0, 0, 2),
(84, 0, 10, 2, 'JX', '腾讯Web前端团队', 'http://alloyteam.github.com/JX', 'http://alloyteam.github.com/JX', '0', '', '', '<p>腾讯Web前端团队 - TAT(Tencent Alloy Team)主要来自于腾讯Q+、WebQQ、QQ群空间项目团队，致力于Web前端技术的研究，主要作品有：http://web.qq.com, http://www.qplus.com,http://qun.qq.com/, 另有其他开源项目，请访问我们的Github - http://AlloyTeam.github.com/</p>', 1360842598, 'zuixiami', 1360842598, 0, 0, 2, 0, 0, 2),
(85, 0, 3, 2, 'CodeTank', '腾讯Web前端团队', 'http://CodeTank.alloyteam.com', 'http://CodeTank.alloyteam.com', '0', 'http://zp.zuixiami.com/Uploads/20130313/7e19460988299d19d2da687dca8b83de.png', '', '<p>Copyright © 2012 Tencent AlloyTeam. All Rights Reserved.</p>', 1360843002, 'zuixiami', 1360843002, 0, 0, 2, 0, 0, 2),
(86, 150, 10, 2, 'Package.js', 'CJ', 'https://code.google.com/p/package-js/', 'https://code.google.com/p/package-js/', '0', '', '499457633', '<p><span style="font-family:arial, sans-serif;font-size:13px;line-height:16.383333206176758px;background-color:#ffffff;">A javascript package manager and build tools designed for web app framework development in web browser environment.</span></p>', 1360843128, 'zuixiami', 1360843128, 0, 0, 0, 0, 0, 2),
(87, 193, 4, 2, '司徒正美Blog', '司徒正美', 'http://www.cnblogs.com/rubylouvre/', 'http://www.cnblogs.com/rubylouvre/', '0', '', '1669866773', '', 1360846676, 'zuixiami', 1360846676, 0, 0, 2, 0, 0, 2),
(88, 62, 8, 2, 'w3cplus', '大漠', 'http://www.w3cplus.com', 'http://www.w3cplus.com', '0', 'http://zp.zuixiami.com/Uploads/Userimg/20130326_135333_1503.jpg', '81059347', 'W3CPLUS是一个前端爱好者的家园，W3CPLUS努力打造最优秀的web 前端学习的站点。W3CPLUS力求原创，以一起学习，一起进步，共同分享为原则。W3CPLUS站提供了有关于css,css3,html,html5,jQuery,手机移动端的技术文档、DEMO、资源，与前端爱好者一起共勉。', 1360848196, 'zuixiami', 1360848196, 0, 0, 8, 0, 0, 2),
(89, 42, 4, 2, '前端观察', '神飞', 'http://www.qianduan.net/', 'http://www.qianduan.net/', '0', '', '32463376', '<p>前端指标性资讯</p>', 1360848282, 'zuixiami', 1360848282, 0, 0, 0, 45, 1, 2),
(90, 4, 4, 2, 'FrankyBlog', 'Franky', 'http://cnblogs.com/_franky', 'http://cnblogs.com/_franky', '0', '', '449666', '<p>传说中的洪教主</p>', 1360850090, 'zuixiami', 1360850090, 0, 0, 0, 0, 0, 2),
(91, 218, 0, 1, 'ubuntusoft', '', 'http://get.ubuntusoft.com/', 'http://get.ubuntusoft.com/', '0', '', '124761101', 'ubuntu 软件中心网页版', 1360852488, 'zuixiami', 1361338472, 0, 0, 2, 0, 0, 2),
(92, 0, 0, 0, '', '', 'http://42.121.133.160', 'http://42.121.133.160', '0', '', '84547717', '', 1360852490, '', 0, 0, 0, 0, 0, 0, 3),
(93, 1, 10, 2, 'modulejs', '元彦', 'http://github.com/modulejs', 'http://github.com/modulejs', '0', '', '156197086', '<p>modulejs是极致模块化的且面向对象的javascript框架，modulejs能让你在简单易用的前提下写出更佳维护性和可重用性的javascript代码。 modulejs中一个很重要的概念就是按需加载， modulej不是像jQuery一样在使用前加载整个已经打包的一个js文件，而是加载模块的最小集合。关于为什么需要按需加载，modulejs认为这不仅可以减少服务器的流量，更重要的是因为按需加载页面的加载时间也会大幅缩短，最终对用户更友好</p>', 1360854041, 'zuixiami', 1360898224, 0, 0, 2, 0, 0, 2),
(97, 0, 0, 1, '麦时', '', 'http://www.wheattime.com', 'http://www.wheattime.com', '0', '', '418915904', '麦时个人博客', 1360939546, 'zuixiami', 1361351446, 0, 0, 1, 0, 0, 2),
(98, 214, 11, 1, 'Tiny前端模板', '', 'https://github.com/CNEYE/Tiny', 'https://github.com/CNEYE/Tiny', '0', '', '82867904', '<p>一个基于smarty 模板的语法的模版引擎</p>', 1361007770, 'zuixiami', 1361024582, 0, 0, 0, 0, 0, 2),
(100, 62, 4, 2, '70+优秀的前端工具', '大漠', 'http://www.w3cplus.com/source/front-end-developer-excellent-tool.html', 'http://www.w3cplus.com/source/front-end-developer-excellent-tool.html', '0', 'http://www.w3cplus.com/sites/default/files/styles/print_image/public/source/csstools-11.jpg', '81059347', '提供了近80款不同的前端在线工具，后期还在不断的更新。', 1361187575, 'zuixiami', 1361190321, 0, 0, 6, 0, 0, 2),
(130, 62, 0, 2, 'W3cplus问与答平台', '', 'http://ask.w3cplus.com/', 'http://ask.w3cplus.com/', '0', 'http://zp.zuixiami.com/Uploads/Userimg/20130326_115407_3514.jpg', '81059347', '提供前端人员针对前端问题的提问题也解决方案，减少在群重复讨论的时间', 1364270086, '', 0, 0, 0, 3, 0, 0, 2),
(104, 291, 0, 1, 'webOA', '', 'http://oa.huishangbao.com', 'http://oa.huishangbao.com', '0', '', '504806956', '测试帐号wenliang\r\n测试密码wenliang\r\n仿了webQQ的样式用jQ做的', 1361240018, 'zuixiami', 1361283104, 0, 0, 1, 0, 0, 2),
(113, 28, 0, 1, 'javascript扫雷', '', 'http://www.cssha.com/wp-content/uploads/2012/09/minesweeping.html', 'http://www.cssha.com/wp-content/uploads/2012/09/minesweeping.html', '0', '', '13124048', 'javascript版的扫雷游戏。', 1361283503, 'zuixiami', 1361283539, 0, 0, 2, 0, 0, 2),
(114, 151, 0, 1, 'kss.js', '', 'https://github.com/godxiaoji/kss/', 'https://github.com/godxiaoji/kss/', '0', '', '546703535', '非常轻巧的一个Javascript库，封装了常用的方法，兼容jQuery的Api。', 1361324828, 'zuixiami', 1361331435, 0, 0, 0, 0, 0, 2),
(115, 290, 0, 0, '', '', 'http://zeroisstart.com', 'http://zeroisstart.com', '0', '', '502529135', '', 1361357109, '', 0, 0, 0, 0, 0, 0, 3),
(117, 203, 0, 1, '精灵射手 - HTML5游戏', '', 'http://elf.legu.cc', 'http://elf.legu.cc', '0', 'http://zp.zuixiami.com/Uploads/Userimg/20130318_194147_7680.jpg', '4041990', 'HTML5射击塔防类游戏，主要应用技术：CSS3+canvas，采用自己开发的canvas底层渲图引擎，并采用中间件打包方式，生成了IPA和APK安装包，若有相关兴趣的同学，欢迎交流，QQ：4041990', 1361445475, 'zuixiami', 1361448509, 0, 0, 16, 40, 1, 2),
(118, 365, 0, 1, '拖拽/图片URL发送到新浪微博', '', 'http://im007boy.sinaapp.com/', 'http://im007boy.sinaapp.com/', '0', '', '910362929', '拖拽本地图片或填写图片URL发送到新浪微博', 1361463367, 'zuixiami', 1361518803, 0, 0, 3, 0, 0, 2),
(119, 221, 0, 1, 'markdown to html', '', 'https://github.com/kiddkai/Wheel/tree/master/md2html', 'https://github.com/kiddkai/Wheel/tree/master/md2html', '0', '', '156789754', '简单的 markdown 语法编译成 html 的小型 Lib，没有其他的依赖，支持AMD,CMD...', 1361607666, 'zuixiami', 1361612265, 0, 0, 0, 0, 0, 2),
(120, 260, 0, 1, 'FSL类库及组件库', '', 'https://github.com/yinuoba/FSL', 'https://github.com/yinuoba/FSL', '0', '', '675250896', '一个轻量(gzip压缩后8.3k)、接近原生javascript风格、简单、高效、易用、易维护、易扩展、所有开发人员都能看懂的javascript类库。', 1361803410, 'zuixiami', 1361887432, 0, 0, 0, 0, 0, 2),
(121, 273, 0, 1, 'UBB编辑器', '', 'http://zyang.sinaapp.com/works/ubb/ubb.html', 'http://zyang.sinaapp.com/works/ubb/ubb.html', '0', '', '985867294', 'UBB编辑器,小范围使用很爽啊', 1361967008, 'zuixiami', 1361973803, 0, 0, 0, 0, 0, 2),
(125, 0, 0, 1, 'SlipJS', '', 'http://www.slipjs.com/', 'http://www.slipjs.com/', '0', '', '398791427', 'SlipJs可以让你的手机网站像原生手机软件一样惯性滚动，手触图片轮换等等。', 1362914623, 'zuixiami', 1362916790, 0, 0, 3, 0, 0, 2),
(123, 413, 0, 1, '天猫首页', '', 'http://demo.f2eer.com/tmall/', 'http://demo.f2eer.com/tmall/', '0', '', '274122598', '第一个比较综合的作品，HTML、CSS、JS都练到了，实现了天猫大部分效果。', 1362488474, 'zuixiami', 1362498074, 0, 0, 10, 0, 0, 2),
(126, 443, 0, 1, '爱生活网站', '', 'http://www.ishhuo.com/', 'http://www.ishhuo.com/', '0', '', '710491936', '按照自己的解决方案架构并独立开发（前端部分）的一个中型导购网站', 1363166778, '', 0, 0, 0, 9, 0, 0, 2),
(131, 68, 0, 2, 'sdsad', '', 'http://32334234', 'http://32334234', '0', '', '87651357', '3424', 1364292232, '', 0, 0, 0, 0, 0, 0, 4),
(132, 0, 0, 0, '123123123', '', 'http://112312312', 'http://112312312', '0', '', '123123', '313', 1364350959, '', 0, 0, 0, 0, 0, 0, 3),
(133, 0, 0, 0, 'asdasd', '', 'http://dasdasd', 'http://dasdasd', '0', 'http://sdsd', '8765135', 'sdsd', 1364350962, '', 0, 0, 0, 0, 0, 0, 1),
(134, 491, 0, 0, 'HTML5 音乐播放器', '', 'http://zxcplayer.sinaapp.com', 'http://zxcplayer.sinaapp.com', '0', 'http://www.frontend123.com/20.jpg', '694760450', '支持Chrome 内核浏览器，IE9+ 感谢支持，更多功能正在开发中。。。', 1364351612, '', 0, 0, 0, 6, 0, 0, 2),
(135, 0, 0, 0, '@前端分享博客模版', '', 'http://www.tashare.com/post/diandianmoban-AtLife-fabu', 'http://www.tashare.com/post/diandianmoban-AtLife-fabu', '0', 'http://m2.img.libdd.com/farm4/2012/1116/22/A46BC465BE3A419B6115E5E0D596F726B640AF85C369D_500_333.jpg', '564880775', '自己在点点网做的一个模版，很有wp范啊', 1364357814, '', 0, 0, 0, 7, 0, 0, 2),
(136, 0, 0, 0, '五彩连珠', '', 'http://zhengliangjun.sinaapp.com/colorline.html', 'http://zhengliangjun.sinaapp.com/colorline.html', '0', 'http://zp.zuixiami.com/Uploads/Userimg/20130327_171443_5871.jpg', '3667144', 'Html5', 1364375707, '', 0, 0, 0, 3, 40, 1, 2),
(137, 237, 0, 1, 'web桌面', '', 'http://www.itzhai.com/mydesktop/index.php', 'http://www.itzhai.com/mydesktop/index.php', '0', 'http://zp.zuixiami.com/Uploads/Userimg/20130327_233325_7826.png', '351108013', '很简单的一个web桌面，并写了一个连连看小游戏放在上面（第一个图标对应的应用），左侧提供了一个音乐播放器。', 1364398544, '', 0, 0, 0, 4, 0, 0, 2),
(138, 0, 0, 0, 'HTML5 Intro Slide', '', 'http://inkless.github.com/html5-intro', 'http://inkless.github.com/html5-intro', '0', '', '413997053', '在公司做分享的时候准备的 slide，大家多多交流～', 1364399067, '', 0, 0, 0, 0, 0, 0, 1),
(139, 0, 0, 0, 'ewerwer', '', 'http://werwer', 'http://werwer', '0', 'http://werw', '11845784', 'rwerw', 1364435482, '', 0, 0, 0, 0, 0, 0, 3),
(140, 0, 0, 0, '静态网站', '', 'http://navigation.web-183.com/', 'http://navigation.web-183.com/', '0', '', '1824700245', 'Chrome浏览有问题，最好使用IE9+或者Firefox浏览。IE9+可以使用Pin功能。不知道CSS哪儿写错了，子页面要刷新下才能显示正常。', 1364462166, '', 0, 0, 0, 0, 0, 0, 1),
(141, 62, 0, 2, 'UI设计库', '', 'http://www.w3cplus.com/source/ui-design.html', 'http://www.w3cplus.com/source/ui-design.html', '0', 'http://www.w3cplus.com/sites/default/files/styles/print_image/public/source/ui-design-16.jpg', '81059347', 'UI设计库是集中收集了国外一些优秀的UI设计网站，这些网站可以提供免费的PSD设计图下载。', 1365472145, '', 0, 0, 0, 1, 0, 0, 2),
(142, 62, 0, 2, 'Metro UICSS 中文版', '', 'http://www.w3cplus.com/MetroUICSS/', 'http://www.w3cplus.com/MetroUICSS/', '0', 'http://zp.zuixiami.com/Uploads/Userimg/20130409_095114_3502.jpg', '81059347', 'Metro UI CSS 是一套用来创建类似于Windows 8 Metro UI风格网站的样式. 这组风格被开发成一个独立的解决方案。', 1365472276, '', 0, 0, 0, 1, 0, 0, 2),
(143, 62, 0, 2, 'Responsive教程', '', 'http://www.w3cplus.com/blog/tags/79.html', 'http://www.w3cplus.com/blog/tags/79.html', '0', 'http://www.w3cplus.com/sites/default/files/styles/print_image/public/source/responsive_web_design.png', '81059347', '几乎每个人都在讨论响应式设计，但是我不敢确定每个人都理解他是用来做什么的？许多web设计者开发者希望我能解决这些存在的误解，而我也在尝试这么做。简单来说，响应式设计不是专门为手机做网站，而是为了使网站布局适应多种设备大小设计的。', 1365472404, '', 0, 0, 0, 3, 0, 0, 2),
(144, 62, 0, 2, 'Responsive资源', '', 'http://www.w3cplus.com/resource/tags/153.html', 'http://www.w3cplus.com/resource/tags/153.html', '0', 'http://www.w3cplus.com/sites/default/files/styles/print_image/public/source/Responsive-Mobile-Menu.jpg', '81059347', 'Responsive资源提供了有关于响应式设计方面的资源，比如说：响应式菜单、响应式框架、响应式布局、响应式工具等。', 1365472595, '', 0, 0, 0, 3, 0, 0, 2),
(145, 28, 0, 2, '基于canvas的的图片转字符画工具', '', 'http://www.cssha.com/img2txt/', 'http://www.cssha.com/img2txt/', '0', 'http://zp.zuixiami.com/Uploads/Userimg/20130412_113108_9765.jpg', '13124048', '可以将一张图片转成字符画，基于canvas实现。', 1365737476, '', 0, 0, 0, 10, 0, 0, 2),
(146, 0, 0, 0, '【前端小工具】利用border制作纯CSS三角形', '', 'http://jayuh.com/wp-content/uploads/2013/04/border_css_triangle.html', 'http://jayuh.com/wp-content/uploads/2013/04/border_css_triangle.html', '0', 'http://zp.zuixiami.com/Uploads/Userimg/20130414_160304_5844.jpg', '511977533', '利用相邻border之间的横切面制造的纯CSS三角形，自动生成相关CSS代码。', 1365926626, '', 0, 0, 0, 1, 0, 0, 1),
(147, 28, 0, 2, '基于canvas的的视频转字符动画工具', '', 'http://www.cssha.com/img2txt/video2txt.html', 'http://www.cssha.com/img2txt/video2txt.html', '0', 'http://zp.zuixiami.com/Uploads/Userimg/20130415_100752_4396.jpg', '13124048', '可以实现视频转字符动画的效果，基于canvas实现。', 1365991746, '', 0, 0, 0, 7, 40, 1, 2),
(148, 0, 0, 0, '俄罗斯广块', '', 'http://218.196.43.18:8080/tetris/', 'http://218.196.43.18:8080/tetris/', '0', 'http://zp.zuixiami.com/Uploads/Userimg/20130505_201530_2478.jpg', '277629199', '花三天时间开发的一个俄罗斯广块，纯JavaScript+DOM，在IE6上面都通过了测试，代码的注释非常详细。纯属本人练手的，还会继续开发Canvas版本，加入爆破，声音等。', 1367756243, '', 0, 0, 0, 4, 0, 0, 2),
(149, 28, 0, 2, 'javascript溶图工具', '', 'http://cssha.com/imageblend/', 'http://cssha.com/imageblend/', '0', 'http://zp.zuixiami.com/Uploads/Userimg/20130514_222839_3102.jpg', '13124048', 'photoshop中的图层混合功能大家一定很熟悉，利用canvas提供的api，我们可以在支持canvas的浏览器上实现图像混合效果。', 1368541773, '', 0, 0, 0, 5, 0, 0, 2),
(150, 474, 0, 2, 'FineUI控件库', '', 'http://fineui.com/', 'http://fineui.com/', '0', 'http://zp.zuixiami.com/Uploads/Userimg/20130522_113443_6659.png', '30372245', '关于FineUI\r\n 基于 ExtJS 的专业 ASP.NET 控件库。\r\n \r\nFineUI的使命\r\n 创建 No JavaScript，No CSS，No UpdatePanel，No ViewState，No WebServices 的网站应用程序。\r\n \r\n支持的浏览器\r\n IE 7.0+、Firefox 3.6+、Chrome 3.0+、Opera 10.5+、Safari 3.0+\r\n \r\n授权协议\r\n Apache License 2.0 (Apache)\r\n \r\n相关链接\r\n 论坛：http://fineui.com/bbs/\r\n 示例：http://fineui.com/demo/\r\n 文档：http://fineui.com/doc/\r\n 下载：http://fineui.codeplex.com/', 1369193708, '', 0, 0, 0, 1, 0, 0, 2),
(151, 0, 0, 0, '玄月冰灵的博客', '', 'http://www.zhaimax.com', 'http://www.zhaimax.com', '0', '', '276208981', '每月发布一期技术杂志。不定期更新各类前端、开发、设计内容', 1369294252, '', 0, 0, 0, 0, 0, 0, 1),
(152, 0, 0, 0, 'max-reset', '', 'https://github.com/ksharp8/max-reset', 'https://github.com/ksharp8/max-reset', '0', '', '276208981', 'css reset框架，预定义了一些常用的样式', 1369294323, '', 0, 0, 0, 0, 0, 0, 1),
(153, 0, 0, 0, 'compack', '', 'http://github.com/ksharp8/compack', 'http://github.com/ksharp8/compack', '0', '', '276208981', '早期浏览器兼容性修复组件包', 1369294372, '', 0, 0, 0, 0, 0, 0, 1),
(154, 0, 0, 0, '帮别人做的一个静态网站', '', 'http://www.aiyuqin.com/test/demo/', 'http://www.aiyuqin.com/test/demo/', '0', 'http://zp.zuixiami.com/Uploads/Userimg/20130524_100311_4495.png', '672415199', '这个网站的设计是由别人完成的，我只完成了制作的部分，交互是参照了一个flash网站，因为觉得flash站的交互不错，就全部照抄了！', 1369361141, '', 0, 0, 0, 1, 0, 0, 2),
(155, 0, 0, 0, '个人技术分享交流博客', '', 'http://www.w3cshow', 'http://www.w3cshow', '0', '', '466048916', '一个分享心得，交流技术，记录编程路上点点滴滴的个人博客', 1370658111, '', 0, 0, 0, 0, 0, 0, 3),
(156, 0, 0, 0, 'Tdate', '', 'http://www.cnblogs.com/zaython/archive/2013/06/06/3121194.html', 'http://www.cnblogs.com/zaython/archive/2013/06/06/3121194.html', '0', 'http://zp.zuixiami.com/Uploads/Userimg/20130614_102918_8383.png', '847223588', 'Tdate JavaScript日期库是一个开源的小巧日期查询库(压缩后只有728 字节!)写代码时获取日期的冗长代码而感到烦恼？现在TDate(简称TD)日期查询库为您服务！', 1371176989, '', 0, 0, 0, 3, 0, 0, 2),
(157, 282, 0, 1, 'facepincher', '', 'http://lackhurt.gotoip1.com/bear.html', 'http://lackhurt.gotoip1.com/bear.html', '0', '', '362068342', '一个基于canvas的小程序\r\n目前是第一版, 日后会做改进', 1371196175, '', 0, 0, 0, 0, 0, 0, 1),
(158, 0, 0, 0, '吕布传', '', 'http://www.zhaimax.com/lvbu/lvbuzhuan.html', 'http://www.zhaimax.com/lvbu/lvbuzhuan.html', '0', 'http://zp.zuixiami.com/Uploads/Userimg/20130615_131824_4384.jpg', '276208981', '使用百度地图API制作的HTML5三国题材游戏DEMO', 1371273514, '', 0, 0, 0, 0, 0, 0, 1),
(159, 0, 0, 0, '本地文档搜索工具', '', 'http://www.slfile.net', 'http://www.slfile.net', '0', '', '281605470', '一个软件工具网站', 1371896816, '', 0, 0, 0, 0, 0, 0, 1),
(160, 0, 0, 0, '个人博客', '', 'http://work.imfer', 'http://work.imfer', '0', '', '18702064', '', 1372045900, '', 0, 0, 0, 0, 0, 0, 1),
(161, 0, 0, 0, '个人博客', '', 'http://work.imfer.me', 'http://work.imfer.me', '0', '', '18702064', '', 1372046019, '', 0, 0, 0, 0, 0, 0, 1),
(162, 0, 0, 0, '个人博客', '', 'http://vincenting.com/', 'http://vincenting.com/', '0', 'http://zp.zuixiami.com/Uploads/Userimg/20130627_101421_2041.jpg', '527005659', '个人第三版博客，使用Django搭建在Appfog上面，吐槽为主。', 1372299279, '', 0, 0, 0, 3, 0, 0, 2),
(163, 62, 0, 2, '前端收藏夹', '', 'http://www.w3cplus.com/front-end-bookmarks', 'http://www.w3cplus.com/front-end-bookmarks', '0', 'http://zp.zuixiami.com/Uploads/Userimg/20130629_004831_2523.jpg', '81059347', '收藏各种前端优秀资源，包括HTML、CSS、HTML5、CSS3、JavaScript、jQuery、移动端、响应式设计、Frameworks、前端工具以及国内外优秀的个人博客。', 1372438017, '', 0, 0, 0, 1, 0, 0, 2),
(164, 62, 0, 2, 'SASS指南', '', 'http://www.w3cplus.com/sassguide/', 'http://www.w3cplus.com/sassguide/', '0', 'http://zp.zuixiami.com/Uploads/Userimg/20130629_010627_4269.jpg', '81059347', '主要向国内SASS的同学提供一个交流与学习的平台。我们的目标是让SASS提高我们的工作效率，降低我们的开发成本。如果您和我们一样热爱SASS，那就现在开始，跟我们一起开始学习SASS。', 1372439193, '', 0, 0, 0, 0, 0, 0, 2),
(165, 0, 0, 0, '前端博客', '', 'http://appwycom.w08.ivip.cn/', 'http://appwycom.w08.ivip.cn/', '0', 'http://zp.zuixiami.com/Uploads/Userimg/20130702_111936_8057.png', '80941292', '从事前端工作多年，欢迎交流讨论', 1372735195, '', 0, 0, 0, 0, 0, 0, 1),
(166, 0, 0, 0, 'css3动画', '', 'http://www.note12.com/L-feini/', 'http://www.note12.com/L-feini/', '0', '', '37908850', '多处css动画, more按钮, 板块导航图标, 页脚电话图标等等....', 1372863148, '', 0, 0, 0, 0, 0, 0, 1),
(167, 0, 0, 0, 'grunt 构建seajs模块重建版本文件夹', '', 'http://github.com/seajs/seajs/issues/812', 'http://github.com/seajs/seajs/issues/812', '0', '', '37908850', 'grunt 构建seajs模块重建版本文件夹, 在现有的版本号的基础上更新新的版本, 以一个文件夹的形式存放文件, 好处当然是多版本并存', 1372863319, '', 0, 0, 0, 0, 0, 0, 1),
(168, 0, 0, 0, 'canva画的logo, 比较简陋', '', 'http://www.note12.com/demo/CanvasLogo.html', 'http://www.note12.com/demo/CanvasLogo.html', '0', '', '37908850', 'canva画的logo, 比较简陋', 1372863379, '', 0, 0, 0, 0, 0, 0, 1),
(169, 0, 0, 0, '纽崔莱--加一勺', '', 'http://www.nutrilite-farm.com/protein/html5/', 'http://www.nutrilite-farm.com/protein/html5/', '0', 'http://zp.zuixiami.com/Uploads/Userimg/20130709_145644_7049.png', '1677454536', 'html5网站，主要用于IOS平台。兼容PC。', 1373353045, '', 0, 0, 0, 1, 0, 0, 2),
(170, 0, 0, 0, '纽崔莱--YOUNG', '', 'http://www.nutrilite-farm.com/protein/young/html5/', 'http://www.nutrilite-farm.com/protein/young/html5/', '0', 'http://zp.zuixiami.com/Uploads/Userimg/20130709_145920_2543.png', '1677454536', 'html5网站，主要用于IOS平台，兼容PC', 1373353228, '', 0, 0, 0, 3, 0, 0, 2),
(171, 0, 0, 0, '纽崔莱--爱满勺', '', 'http://www.nutrilite-farm.com/protein/love/html5/', 'http://www.nutrilite-farm.com/protein/love/html5/', '0', 'http://zp.zuixiami.com/Uploads/Userimg/20130709_150133_6869.png', '1677454536', 'HTML5+JS+CSS3的一款小游戏，IPAD上用重力感应玩。PC只兼容谷歌浏览器', 1373353350, '', 0, 0, 0, 2, 0, 0, 2),
(172, 288, 0, 1, 'LiveStart模块化开发工具', '', 'http://github.com/thewei/LiveStart', 'http://github.com/thewei/LiveStart', '0', 'http://zp.zuixiami.com/Uploads/Userimg/20130712_094440_9172.png', '453866130', '通过布局，引用，区块等语法对前端DEMO进行开发期间的模块复用，减少对重复模块的修改次数，快速完成DEMO。更多使用方法请访问作品链接。', 1373593656, '', 0, 0, 0, 8, 0, 0, 2),
(173, 0, 0, 0, '流程模版定制', '', 'http://www.smallmo.com/demo/workflow/svg/MyWork/index.html', 'http://www.smallmo.com/demo/workflow/svg/MyWork/index.html', '0', 'http://zp.zuixiami.com/Uploads/Userimg/20130715_095051_1164.jpg', '414329354', '软件UI上面的一个流程管理功能，矢量图像绘制', 1373853106, '', 0, 0, 0, 4, 0, 0, 2),
(174, 0, 0, 0, 'SVG,CANVAS,CSS3制作时钟', '', 'http://www.smallmo.com/demo/time/svg.html', 'http://www.smallmo.com/demo/time/svg.html', '0', 'http://zp.zuixiami.com/Uploads/Userimg/20130715_095408_7949.jpg', '414329354', '用三种技术绘制', 1373853257, '', 0, 0, 0, 2, 0, 0, 2),
(175, 0, 0, 0, '裁切技术', '', 'http://www.smallmo.com/demo/clip/index.html', 'http://www.smallmo.com/demo/clip/index.html', '0', 'http://zp.zuixiami.com/Uploads/Userimg/20130715_095516_8683.jpg', '414329354', '裁切技术', 1373853330, '', 0, 0, 0, 0, 0, 0, 1),
(176, 0, 0, 0, 'svg绘制多拉A梦，兼容IE6', '', 'http://www.smallmo.com/demo/dora/index.html', 'http://www.smallmo.com/demo/dora/index.html', '0', '', '414329354', 'svg绘制多拉A梦，兼容IE6', 1373853368, 'zmyfujian', 1385629302, 0, 0, 1, 0, 0, 2),
(177, 89, 0, 2, '前端极客', '', 'http://www.weitocao.com/', 'http://www.weitocao.com/', '0', '', '181422448', '分享前端资讯', 1374586915, 'zmyfujian', 1385629311, 0, 0, 0, 0, 0, 2),
(178, 0, 0, 0, 'DXE-shop网店系统', '', 'http://www.xer345.com/pub/shop/index.html', 'http://www.xer345.com/pub/shop/index.html', '0', 'http://www.xer345.com/dxe/', '376536883', 'DXE-shop网店系统，是一套基于PHP+MySQL技术开发的网上购物系统', 1378266134, 'zmyfujian', 1385629364, 0, 0, 0, 0, 0, 2),
(184, 28, 0, 0, 'JS连连看', '阿安', '0', 'http://www.cssha.com/wp-content/uploads/linkgame/linkgame.html', '', 'http://zp.zuixiami.com/tempProject/page/server/php/files/2990620175.jpg', '13124048', '很久前用朋友头像做的一个连连看...给朋友玩的.', 1385697577, 'zmyfujian', 1385704717, 0, 0, 0, 0, 0, 2),
(183, 497, 0, 0, '五边形扫雷HTML5游戏', '240', '0', 'cuixiping.github.io/minesweeper-240.svg', 'cuixiping.github.io/minesweeper-240.svg', 'http://zp.zuixiami.com/tempProject/page/server/php/files/2078404486.png', '673344346', '扫雷都玩过，五边形的扫雷不一定玩过吧？来试试吧。优化：纯Javascript SVG实现，第一次点击之后才开始分布地雷，第一次保证不触雷，纯代码实现图形效果，支持双击翻雷。', 1385639998, 'zmyfujian', 1385640097, 0, 0, 1, 0, 0, 2);

-- --------------------------------------------------------

--
-- 表的结构 `xiami_works_log`
--

CREATE TABLE IF NOT EXISTS `xiami_works_log` (
  `id` bigint(20) unsigned NOT NULL AUTO_INCREMENT COMMENT '自增ID',
  `works_id` int(11) NOT NULL COMMENT '作品ID对应works表',
  `action` varchar(30) NOT NULL COMMENT '操作',
  `notice` varchar(255) NOT NULL COMMENT '备注',
  `adduser` varchar(100) NOT NULL COMMENT '操作用户',
  `addtime` int(10) NOT NULL COMMENT '操作时间',
  PRIMARY KEY (`id`)
) ENGINE=MyISAM  DEFAULT CHARSET=utf8 COMMENT='作品日志表' AUTO_INCREMENT=56 ;

--
-- 转存表中的数据 `xiami_works_log`
--

INSERT INTO `xiami_works_log` (`id`, `works_id`, `action`, `notice`, `adduser`, `addtime`) VALUES
(1, 128, 'status', '等待审核 => 审核不通过', '99124363', 1363330900),
(2, 128, 'status', '审核不通过 => 等待审核', '99124363', 1363330905),
(3, 128, 'status', '等待审核 => 回收站', '99124363', 1363330915),
(4, 128, 'update', '', 'wewe', 1363331045),
(5, 126, 'status', '等待审核 => 通过审核', '87651357', 1363333387),
(6, 115, 'status', '等待审核 => 审核不通过', '87651357', 1363333508),
(7, 92, 'status', '等待审核 => 审核不通过', '87651357', 1363333516),
(8, 126, 'status', '通过审核 => 等待审核', '4041990', 1363607255),
(9, 126, 'status', '等待审核 => 通过审核', '4041990', 1363607275),
(10, 130, 'status', '等待审核 => 通过审核', '87651357', 1364270157),
(11, 134, 'status', '等待审核 => 通过审核', '87651357', 1364351733),
(12, 135, 'status', '等待审核 => 通过审核', '87651357', 1364366455),
(13, 133, 'status', '等待审核 => 审核不通过', '87651357', 1364377957),
(14, 132, 'status', '等待审核 => 审核不通过', '87651357', 1364377964),
(15, 131, 'status', '等待审核 => 审核不通过', '87651357', 1364377967),
(16, 137, 'status', '等待审核 => 通过审核', '87651357', 1364433176),
(17, 136, 'status', '等待审核 => 通过审核', '87651357', 1364433181),
(18, 115, 'status', '审核不通过 => 等待审核', '438802741', 1364458439),
(19, 92, 'status', '审核不通过 => 等待审核', '438802741', 1364458445),
(20, 136, 'status', '通过审核 => 等待审核', '438802741', 1364459143),
(21, 144, 'status', '等待审核 => 通过审核', '87651357', 1365479713),
(22, 143, 'status', '等待审核 => 通过审核', '87651357', 1365479718),
(23, 142, 'status', '等待审核 => 通过审核', '87651357', 1365479723),
(24, 141, 'status', '等待审核 => 通过审核', '87651357', 1365479728),
(25, 145, 'status', '等待审核 => 通过审核', '13124048', 1365750232),
(26, 136, 'status', '等待审核 => 通过审核', '13124048', 1365750564),
(27, 146, 'status', '等待审核 => 通过审核', '12771346', 1365927216),
(28, 147, 'status', '等待审核 => 通过审核', '13124048', 1365991793),
(29, 92, 'status', '等待审核 => 审核不通过', '13124048', 1365991855),
(30, 115, 'status', '等待审核 => 审核不通过', '13124048', 1365991858),
(31, 139, 'status', '等待审核 => 审核不通过', '13124048', 1365991867),
(32, 146, 'status', '通过审核 => 等待审核', '87651357', 1365995887),
(33, 147, 'status', '通过审核 => 等待审核', '87651357', 1365995895),
(34, 123, 'status', '通过审核 => 等待审核', '87651357', 1365995911),
(35, 147, 'status', '等待审核 => 通过审核', '13124048', 1366032013),
(36, 133, 'status', '审核不通过 => 等待审核', '1245997972', 1366164328),
(37, 123, 'status', '等待审核 => 通过审核', '1245997972', 1366166019),
(38, 148, 'status', '等待审核 => 通过审核', '13124048', 1367849057),
(39, 149, 'status', '等待审核 => 通过审核', '13124048', 1368541823),
(40, 154, 'status', '等待审核 => 通过审核', '87651357', 1369894495),
(41, 150, 'status', '等待审核 => 通过审核', '87651357', 1369894505),
(42, 155, 'status', '等待审核 => 审核不通过', '87651357', 1371105307),
(43, 158, 'status', '等待审核 => 通过审核', '87651357', 1371625086),
(44, 156, 'status', '等待审核 => 通过审核', '87651357', 1371625099),
(45, 158, 'status', '通过审核 => 等待审核', '87651357', 1371625166),
(46, 163, 'status', '等待审核 => 通过审核', '87651357', 1372493387),
(47, 164, 'status', '等待审核 => 通过审核', '87651357', 1372493395),
(48, 162, 'status', '等待审核 => 通过审核', '87651357', 1372493399),
(49, 170, 'status', '等待审核 => 通过审核', '87651357', 1373353969),
(50, 169, 'status', '等待审核 => 通过审核', '87651357', 1373354006),
(51, 171, 'status', '等待审核 => 通过审核', '87651357', 1373354061),
(52, 172, 'status', '等待审核 => 通过审核', '87651357', 1373613528),
(53, 174, 'status', '等待审核 => 通过审核', '87651357', 1373966906),
(54, 173, 'status', '等待审核 => 通过审核', '87651357', 1373966913),
(55, 131, 'status', '审核不通过 => 回收站', '87651357', 1374028832);

-- --------------------------------------------------------

--
-- 表的结构 `xiami_works_sort`
--

CREATE TABLE IF NOT EXISTS `xiami_works_sort` (
  `id` int(11) NOT NULL AUTO_INCREMENT COMMENT '自增ID',
  `pid` int(11) NOT NULL DEFAULT '0' COMMENT '父类ID',
  `layer` int(11) NOT NULL DEFAULT '0' COMMENT '所在层',
  `orders` int(11) NOT NULL DEFAULT '0' COMMENT '排序',
  `name` varchar(100) NOT NULL COMMENT '标题',
  `othername` varchar(100) NOT NULL COMMENT '别名',
  `code` varchar(100) NOT NULL COMMENT 'url代码',
  `is_hide` tinyint(1) NOT NULL DEFAULT '0' COMMENT '是否隐藏',
  PRIMARY KEY (`id`)
) ENGINE=MyISAM  DEFAULT CHARSET=utf8 COMMENT='作品分类' AUTO_INCREMENT=17 ;

--
-- 转存表中的数据 `xiami_works_sort`
--

INSERT INTO `xiami_works_sort` (`id`, `pid`, `layer`, `orders`, `name`, `othername`, `code`, `is_hide`) VALUES
(1, 0, 1, 0, '书籍', '书籍', 'book', 0),
(2, 0, 1, 0, 'CSS作品', 'CSS作品', 'css', 0),
(3, 0, 1, 0, 'js作品', 'js作品', 'js', 0),
(4, 0, 1, 0, 'blog作品', 'blog作品', 'blog', 0),
(5, 0, 1, 0, '教程', '教程', 'study', 0),
(6, 1, 2, 1, '原著', '原著', 'original', 0),
(7, 1, 2, 1, '译作', '译作', 'translate', 0),
(8, 2, 2, 1, 'css库', 'css库', 'libraries', 0),
(9, 2, 2, 1, 'cssDemo', 'cssDemo', 'cssdemo', 0),
(10, 3, 2, 1, 'js库', 'js库', 'jslib', 0),
(11, 3, 2, 1, 'js项目', 'js项目', 'jsproject', 0),
(15, 0, 0, 2, '框架平台', '', '', 0);

-- --------------------------------------------------------

--
-- 表的结构 `xiami_works_special`
--

CREATE TABLE IF NOT EXISTS `xiami_works_special` (
  `id` mediumint(11) NOT NULL AUTO_INCREMENT COMMENT '自增ID',
  `qishu` varchar(100) NOT NULL COMMENT '第几期',
  `title` varchar(255) NOT NULL COMMENT '标题',
  `description` varchar(255) NOT NULL COMMENT '描述',
  `notice` varchar(255) NOT NULL COMMENT '备注',
  `code` varchar(100) NOT NULL COMMENT '代码伪静态用',
  `is_top` tinyint(1) NOT NULL DEFAULT '0' COMMENT '是否推荐',
  `top_sid` int(11) NOT NULL DEFAULT '0' COMMENT '推荐排序',
  `adduser` varchar(100) NOT NULL COMMENT '添加人',
  `addtime` int(10) NOT NULL COMMENT '添加时间',
  `img` varchar(255) NOT NULL COMMENT '缩略图',
  `award` varchar(50) NOT NULL COMMENT '奖励',
  PRIMARY KEY (`id`)
) ENGINE=MyISAM  DEFAULT CHARSET=utf8 COMMENT='作品专题' AUTO_INCREMENT=4 ;

--
-- 转存表中的数据 `xiami_works_special`
--

INSERT INTO `xiami_works_special` (`id`, `qishu`, `title`, `description`, `notice`, `code`, `is_top`, `top_sid`, `adduser`, `addtime`, `img`, `award`) VALUES
(1, '第一期', 'WebOS 专题', '', '', '', 0, 0, '', 1363331552, '', ''),
(2, '第二期', '那些前端的书籍你是否都看过', '', '', '', 0, 0, '', 1363331940, '', ''),
(3, '第三期', '游戏？娱乐？太少了', '', '', '', 0, 0, '', 1365732471, '', '');

-- --------------------------------------------------------

--
-- 表的结构 `xiami_works_special_mid`
--

CREATE TABLE IF NOT EXISTS `xiami_works_special_mid` (
  `id` int(11) NOT NULL AUTO_INCREMENT COMMENT '自增ID',
  `special_id` int(11) NOT NULL COMMENT '专题ID对应works_special',
  `works_id` int(10) NOT NULL COMMENT '作品ID对应works表',
  `adduser` varchar(100) NOT NULL COMMENT '添加人',
  `addtime` int(10) NOT NULL COMMENT '添加时间',
  PRIMARY KEY (`id`),
  KEY `special_id` (`special_id`),
  KEY `mid` (`works_id`)
) ENGINE=MyISAM  DEFAULT CHARSET=utf8 COMMENT='作品专题一对多' AUTO_INCREMENT=15 ;

--
-- 转存表中的数据 `xiami_works_special_mid`
--

INSERT INTO `xiami_works_special_mid` (`id`, `special_id`, `works_id`, `adduser`, `addtime`) VALUES
(1, 1, 104, '', 1363331621),
(2, 1, 51, '', 1363331621),
(3, 2, 59, '', 1363332110),
(4, 2, 58, '', 1363332110),
(5, 2, 57, '', 1363332110),
(6, 2, 54, '', 1363332110),
(7, 2, 52, '', 1363332110),
(8, 2, 50, '', 1363332110),
(9, 3, 136, '', 1365732561),
(10, 3, 134, '', 1365732561),
(11, 3, 117, '', 1365732561),
(12, 3, 113, '', 1365732561),
(13, 3, 75, '', 1365732561),
(14, 3, 73, '', 1365732561);
